{"J511":{"pressure_scaling":87.7873764038},"J411":{"pressure_scaling":77.6849594116},"J414":{"pressure_scaling":50.138168335},"J415":{"pressure_scaling":139.5306854248},"J416":{"pressure_scaling":155.3571166992},"J417":{"pressure_scaling":46.4388465881},"J418":{"pressure_scaling":43.7520484924},"J419":{"pressure_scaling":40.4453659058},"J310":{"pressure_scaling":82.1326522827},"J311":{"pressure_scaling":78.0470581055},"J312":{"pressure_scaling":64.987121582},"J313":{"pressure_scaling":65.7995300293},"J314":{"pressure_scaling":70.6337661743},"J315":{"pressure_scaling":69.4474639893},"J316":{"pressure_scaling":72.3967895508},"J318":{"pressure_scaling":79.7757568359},"J319":{"pressure_scaling":94.1542663574},"J210":{"pressure_scaling":78.696182251},"J211":{"pressure_scaling":74.4474182129},"J212":{"pressure_scaling":77.8481903076},"J214":{"pressure_scaling":77.2256088257},"J217":{"pressure_scaling":74.4293746948},"J218":{"pressure_scaling":78.0366134644},"J219":{"pressure_scaling":117.7762298584},"J110":{"pressure_scaling":74.9302520752},"J420":{"pressure_scaling":40.9962120056},"J421":{"pressure_scaling":46.6289596558},"J422":{"pressure_scaling":42.3320541382},"J1153":{"pressure_scaling":62.9991455078},"J1154":{"pressure_scaling":70.7850189209},"J1155":{"pressure_scaling":69.7975692749},"J425":{"pressure_scaling":133.1897583008},"J426":{"pressure_scaling":124.6459503174},"J1157":{"pressure_scaling":62.9261436462},"J427":{"pressure_scaling":130.275894165},"J1158":{"pressure_scaling":57.0748443604},"J428":{"pressure_scaling":62.0127487183},"J429":{"pressure_scaling":65.7983627319},"J320":{"pressure_scaling":87.6754684448},"J321":{"pressure_scaling":89.7464675903},"J322":{"pressure_scaling":86.3155441284},"J324":{"pressure_scaling":91.9498748779},"J1056":{"pressure_scaling":78.5521697998},"J327":{"pressure_scaling":84.9880752563},"J1058":{"pressure_scaling":69.0307388306},"J328":{"pressure_scaling":89.1572723389},"J329":{"pressure_scaling":95.9152908325},"J220":{"pressure_scaling":89.7188186646},"J221":{"pressure_scaling":36.3182449341},"J225":{"pressure_scaling":71.9002075195},"J226":{"pressure_scaling":73.8274612427},"J50":{"pressure_scaling":61.2871208191},"J51":{"pressure_scaling":55.6674003601},"J53":{"pressure_scaling":83.6488647461},"J54":{"pressure_scaling":88.4021148682},"J128":{"pressure_scaling":105.396270752},"J55":{"pressure_scaling":97.5940551758},"J129":{"pressure_scaling":127.1873397827},"J56":{"pressure_scaling":96.6402664185},"J57":{"pressure_scaling":109.8334655762},"J58":{"pressure_scaling":92.5925674438},"J59":{"pressure_scaling":111.9796676636},"J1160":{"pressure_scaling":58.3966064453},"J1161":{"pressure_scaling":58.0204925537},"J431":{"pressure_scaling":66.9986419678},"J432":{"pressure_scaling":63.84765625},"J433":{"pressure_scaling":58.2328567505},"J434":{"pressure_scaling":69.9253768921},"J435":{"pressure_scaling":72.7667922974},"J436":{"pressure_scaling":60.8698272705},"J438":{"pressure_scaling":76.1165008545},"J1169":{"pressure_scaling":88.236831665},"J439":{"pressure_scaling":60.2278327942},"J330":{"pressure_scaling":75.6683044434},"J331":{"pressure_scaling":74.6293640137},"J332":{"pressure_scaling":36.6178359985},"J333":{"pressure_scaling":57.2812232971},"J334":{"pressure_scaling":53.6509170532},"J335":{"pressure_scaling":58.0599136353},"J336":{"pressure_scaling":59.6796379089},"J337":{"pressure_scaling":63.6189727783},"J231":{"pressure_scaling":65.9510269165},"J232":{"pressure_scaling":68.0415115356},"J233":{"pressure_scaling":120.7368469238},"J234":{"pressure_scaling":130.1586151123},"J236":{"pressure_scaling":111.0777511597},"J237":{"pressure_scaling":95.936416626},"J130":{"pressure_scaling":115.93019104},"J131":{"pressure_scaling":102.7423553467},"J132":{"pressure_scaling":118.0424423218},"J133":{"pressure_scaling":122.9730300903},"J60":{"pressure_scaling":114.494430542},"J134":{"pressure_scaling":113.1508407593},"J135":{"pressure_scaling":124.0136108398},"J62":{"pressure_scaling":108.9692382812},"J64":{"pressure_scaling":86.6706848145},"J65":{"pressure_scaling":86.6706466675},"J66":{"pressure_scaling":97.2322921753},"J67":{"pressure_scaling":87.5933074951},"J68":{"pressure_scaling":95.1274032593},"J69":{"pressure_scaling":97.1103210449},"J1170":{"pressure_scaling":89.115776062},"J441":{"pressure_scaling":128.9820861816},"J444":{"pressure_scaling":55.9958381653},"J341":{"pressure_scaling":69.9841842651},"J344":{"pressure_scaling":88.9555969238},"J345":{"pressure_scaling":93.6800003052},"J347":{"pressure_scaling":89.2557296753},"J348":{"pressure_scaling":75.6862716675},"J349":{"pressure_scaling":101.8655090332},"J241":{"pressure_scaling":99.8341903687},"J242":{"pressure_scaling":104.835319519},"J243":{"pressure_scaling":109.8285522461},"J244":{"pressure_scaling":99.4492950439},"J245":{"pressure_scaling":98.837600708},"J246":{"pressure_scaling":114.1429901123},"J247":{"pressure_scaling":112.3737640381},"J248":{"pressure_scaling":115.3861694336},"J249":{"pressure_scaling":120.1582107544},"J142":{"pressure_scaling":81.5675582886},"J143":{"pressure_scaling":80.7895126343},"J70":{"pressure_scaling":98.1098937988},"J144":{"pressure_scaling":82.8814163208},"J71":{"pressure_scaling":91.3558425903},"J72":{"pressure_scaling":93.2735290527},"J73":{"pressure_scaling":88.3751220703},"J74":{"pressure_scaling":93.2705993652},"J76":{"pressure_scaling":98.0638198853},"J77":{"pressure_scaling":92.2776489258},"J78":{"pressure_scaling":72.446762085},"J350":{"pressure_scaling":109.9890594482},"J351":{"pressure_scaling":112.7623977661},"J352":{"pressure_scaling":91.618812561},"J353":{"pressure_scaling":116.0854110718},"J354":{"pressure_scaling":120.0387420654},"J355":{"pressure_scaling":107.9387512207},"J358":{"pressure_scaling":112.3854293823},"J359":{"pressure_scaling":116.8049926758},"J250":{"pressure_scaling":102.8728790283},"J251":{"pressure_scaling":120.0613250732},"J252":{"pressure_scaling":111.4295578003},"J253":{"pressure_scaling":115.8901367188},"J254":{"pressure_scaling":115.9899520874},"J257":{"pressure_scaling":89.560043335},"J154":{"pressure_scaling":56.6829605103},"J155":{"pressure_scaling":55.9338531494},"J82":{"pressure_scaling":62.2210617065},"J156":{"pressure_scaling":44.5235710144},"J83":{"pressure_scaling":72.5331115723},"J84":{"pressure_scaling":131.2082061768},"J85":{"pressure_scaling":127.0620880127},"J159":{"pressure_scaling":61.6805343628},"J86":{"pressure_scaling":119.8207015991},"J87":{"pressure_scaling":132.6339263916},"J89":{"pressure_scaling":122.2823028564},"J360":{"pressure_scaling":113.4245376587},"J361":{"pressure_scaling":110.7737884521},"J362":{"pressure_scaling":96.4205703735},"J363":{"pressure_scaling":124.2072143555},"J364":{"pressure_scaling":131.0158691406},"J365":{"pressure_scaling":55.5669288635},"J366":{"pressure_scaling":71.063369751},"J1208":{"pressure_scaling":97.5461578369},"J367":{"pressure_scaling":71.8152694702},"J369":{"pressure_scaling":65.1594848633},"J160":{"pressure_scaling":56.6295318604},"J161":{"pressure_scaling":69.314956665},"J162":{"pressure_scaling":55.2436256409},"J163":{"pressure_scaling":75.9301300049},"J164":{"pressure_scaling":74.7826919556},"J91":{"pressure_scaling":126.4746322632},"J165":{"pressure_scaling":75.4391708374},"J166":{"pressure_scaling":68.1741943359},"J167":{"pressure_scaling":68.2139968872},"J94":{"pressure_scaling":110.9099731445},"J95":{"pressure_scaling":68.2820358276},"J96":{"pressure_scaling":60.8299751282},"J97":{"pressure_scaling":56.6168022156},"J976":{"pressure_scaling":80.7923965454},"J571":{"pressure_scaling":116.5871276855},"J572":{"pressure_scaling":117.2963104248},"J573":{"pressure_scaling":108.9859161377},"J574":{"pressure_scaling":123.1889724731},"J575":{"pressure_scaling":117.9637145996},"J576":{"pressure_scaling":113.0001907349},"J370":{"pressure_scaling":64.916809082},"J371":{"pressure_scaling":127.0736923218},"J372":{"pressure_scaling":62.1918869019},"J373":{"pressure_scaling":58.1719207764},"J374":{"pressure_scaling":71.7126922607},