{"J511":{"pressure_scaling":144.7700500488},"J411":{"pressure_scaling":76.1972961426},"J414":{"pressure_scaling":52.3901252747},"J415":{"pressure_scaling":168.8402557373},"J416":{"pressure_scaling":178.7186126709},"J417":{"pressure_scaling":49.9636878967},"J418":{"pressure_scaling":48.4163017273},"J419":{"pressure_scaling":46.5186004639},"J310":{"pressure_scaling":127.8950042725},"J311":{"pressure_scaling":125.2748413086},"J312":{"pressure_scaling":117.500793457},"J313":{"pressure_scaling":117.9662246704},"J314":{"pressure_scaling":69.4041671753},"J315":{"pressure_scaling":68.2971572876},"J316":{"pressure_scaling":71.0649795532},"J318":{"pressure_scaling":126.4428939819},"J319":{"pressure_scaling":136.1309814453},"J210":{"pressure_scaling":77.1204147339},"J211":{"pressure_scaling":73.0099334717},"J212":{"pressure_scaling":76.2966384888},"J214":{"pressure_scaling":75.7078475952},"J217":{"pressure_scaling":72.9966125488},"J218":{"pressure_scaling":76.4781570435},"J219":{"pressure_scaling":137.8095092773},"J110":{"pressure_scaling":73.5981903076},"J420":{"pressure_scaling":46.7938423157},"J421":{"pressure_scaling":50.0943374634},"J422":{"pressure_scaling":47.5629577637},"J1153":{"pressure_scaling":62.4477577209},"J1154":{"pressure_scaling":69.549911499},"J1155":{"pressure_scaling":68.6245498657},"J425":{"pressure_scaling":165.7272644043},"J426":{"pressure_scaling":161.2861938477},"J1157":{"pressure_scaling":62.383644104},"J427":{"pressure_scaling":164.1587371826},"J1158":{"pressure_scaling":57.4406509399},"J428":{"pressure_scaling":62.4163208008},"J429":{"pressure_scaling":65.6550979614},"J320":{"pressure_scaling":131.5101165771},"J321":{"pressure_scaling":132.9238586426},"J322":{"pressure_scaling":130.599105835},"J324":{"pressure_scaling":134.4454803467},"J1056":{"pressure_scaling":77.0151977539},"J327":{"pressure_scaling":129.6745147705},"J1058":{"pressure_scaling":68.1572875977},"J328":{"pressure_scaling":132.4553070068},"J329":{"pressure_scaling":136.4158325195},"J220":{"pressure_scaling":117.8578186035},"J221":{"pressure_scaling":103.0609512329},"J225":{"pressure_scaling":70.5997238159},"J226":{"pressure_scaling":72.4409866333},"J50":{"pressure_scaling":115.4899673462},"J51":{"pressure_scaling":112.4664459229},"J53":{"pressure_scaling":113.7749481201},"J54":{"pressure_scaling":116.8379821777},"J128":{"pressure_scaling":152.5063934326},"J55":{"pressure_scaling":122.849647522},"J129":{"pressure_scaling":163.0161437988},"J56":{"pressure_scaling":122.2350006104},"J57":{"pressure_scaling":131.6544647217},"J58":{"pressure_scaling":119.522567749},"J59":{"pressure_scaling":133.2798461914},"J1160":{"pressure_scaling":58.8203315735},"J1161":{"pressure_scaling":58.5173721313},"J431":{"pressure_scaling":66.2236785889},"J432":{"pressure_scaling":63.414100647},"J433":{"pressure_scaling":58.4658355713},"J434":{"pressure_scaling":68.7832565308},"J435":{"pressure_scaling":71.5355377197},"J436":{"pressure_scaling":61.4191627502},"J438":{"pressure_scaling":74.6800994873},"J1169":{"pressure_scaling":138.2487335205},"J439":{"pressure_scaling":60.953250885},"J330":{"pressure_scaling":123.7927627563},"J331":{"pressure_scaling":123.1547622681},"J332":{"pressure_scaling":44.3268547058},"J333":{"pressure_scaling":57.7221260071},"J334":{"pressure_scaling":54.8987998962},"J335":{"pressure_scaling":58.3392753601},"J336":{"pressure_scaling":59.6457290649},"J337":{"pressure_scaling":62.932800293},"J231":{"pressure_scaling":117.1431274414},"J232":{"pressure_scaling":118.3592071533},"J233":{"pressure_scaling":159.4365539551},"J234":{"pressure_scaling":164.2750396729},"J236":{"pressure_scaling":132.6437988281},"J237":{"pressure_scaling":121.9227828979},"J130":{"pressure_scaling":134.1177520752},"J131":{"pressure_scaling":151.3364868164},"J132":{"pressure_scaling":158.233795166},"J133":{"pressure_scaling":160.6663360596},"J60":{"pressure_scaling":135.2273254395},"J134":{"pressure_scaling":155.8417816162},"J135":{"pressure_scaling":161.0969848633},"J62":{"pressure_scaling":131.0178833008},"J64":{"pressure_scaling":115.6197433472},"J65":{"pressure_scaling":115.6197052002},"J66":{"pressure_scaling":122.6969070435},"J67":{"pressure_scaling":116.3221054077},"J68":{"pressure_scaling":121.2043838501},"J69":{"pressure_scaling":122.5332870483},"J1170":{"pressure_scaling":139.053237915},"J441":{"pressure_scaling":163.4792938232},"J444":{"pressure_scaling":56.5755767822},"J341":{"pressure_scaling":68.78881073},"J344":{"pressure_scaling":138.90675354},"J345":{"pressure_scaling":143.2610626221},"J347":{"pressure_scaling":139.181854248},"J348":{"pressure_scaling":123.0150756836},"J349":{"pressure_scaling":140.7763519287},"J241":{"pressure_scaling":124.5328826904},"J242":{"pressure_scaling":128.0323638916},"J243":{"pressure_scaling":131.6773071289},"J244":{"pressure_scaling":124.2806015015},"J245":{"pressure_scaling":123.8483276367},"J246":{"pressure_scaling":134.9839019775},"J247":{"pressure_scaling":133.615524292},"J248":{"pressure_scaling":135.9431610107},"J249":{"pressure_scaling":139.7192230225},"J142":{"pressure_scaling":80.0051498413},"J143":{"pressure_scaling":79.2409286499},"J70":{"pressure_scaling":123.2108306885},"J144":{"pressure_scaling":81.2973861694},"J71":{"pressure_scaling":118.7266921997},"J72":{"pressure_scaling":119.9765930176},"J73":{"pressure_scaling":116.8216323853},"J74":{"pressure_scaling":119.9749221802},"J76":{"pressure_scaling":123.1811523438},"J77":{"pressure_scaling":119.3257446289},"J78":{"pressure_scaling":121.9522857666},"J350":{"pressure_scaling":158.6176452637},"J351":{"pressure_scaling":149.0084991455},"J352":{"pressure_scaling":133.4168701172},"J353":{"pressure_scaling":151.5660858154},"J354":{"pressure_scaling":154.7036437988},"J355":{"pressure_scaling":145.3970031738},"J358":{"pressure_scaling":148.9345092773},"J359":{"pressure_scaling":152.405456543},"J250":{"pressure_scaling":126.6403427124},"J251":{"pressure_scaling":159.1048736572},"J252":{"pressure_scaling":155.0349884033},"J253":{"pressure_scaling":157.3301391602},"J254":{"pressure_scaling":157.3771514893},"J257":{"pressure_scaling":145.778137207},"J154":{"pressure_scaling":56.6966056824},"J155":{"pressure_scaling":56.0881690979},"J82":{"pressure_scaling":116.00730896},"J156":{"pressure_scaling":48.5639839172},"J83":{"pressure_scaling":121.9258346558},"J84":{"pressure_scaling":149.0615539551},"J85":{"pressure_scaling":145.4628143311},"J159":{"pressure_scaling":61.0626144409},"J86":{"pressure_scaling":139.4503173828},"J87":{"pressure_scaling":150.3055725098},"J89":{"pressure_scaling":160.4570922852},"J360":{"pressure_scaling":149.7720336914},"J361":{"pressure_scaling":147.5241241455},"J362":{"pressure_scaling":136.7567596436},"J363":{"pressure_scaling":161.1036376953},"J364":{"pressure_scaling":164.6468811035},"J365":{"pressure_scaling":56.2399330139},"J366":{"pressure_scaling":69.8165740967},"J1208":{"pressure_scaling":137.526763916},"J367":{"pressure_scaling":70.5252990723},"J369":{"pressure_scaling":64.3680419922},"J160":{"pressure_scaling":56.6542663574},"J161":{"pressure_scaling":68.2137374878},"J162":{"pressure_scaling":55.8201904297},"J163":{"pressure_scaling":74.5972137451},"J164":{"pressure_scaling":73.4771652222},"J91":{"pressure_scaling":162.6022491455},"J165":{"pressure_scaling":74.1175384521},"J166":{"pressure_scaling":67.1347045898},"J167":{"pressure_scaling":67.1723327637},"J94":{"pressure_scaling":159.8139801025},"J95":{"pressure_scaling":67.2357940674},"J96":{"pressure_scaling":60.4803848267},"J97":{"pressure_scaling":56.9513168335},"J976":{"pressure_scaling":79.2439956665},"J571":{"pressure_scaling":157.4666595459},"J572":{"pressure_scaling":157.8047637939},"J573":{"pressure_scaling":154.1151885986},"J574":{"pressure_scaling":160.9166412354},"J575":{"pressure_scaling":158.1558990479},"J576":{"pressure_scaling":155.7736816406},"J370":{"pressure_scaling":64.1497421265},"J371":{"pressure_scaling":162.5888366699},"J372":{"pressure_scaling":61.7231407166},