{"J511":{"pressure_scaling":30.2102184296},"J411":{"pressure_scaling":60.545337677},"J414":{"pressure_scaling":33.1000862122},"J415":{"pressure_scaling":81.676109314},"J416":{"pressure_scaling":97.5581130981},"J417":{"pressure_scaling":29.4341373444},"J418":{"pressure_scaling":28.9568786621},"J419":{"pressure_scaling":25.7071266174},"J310":{"pressure_scaling":53.6186561584},"J311":{"pressure_scaling":49.5334472656},"J312":{"pressure_scaling":36.5554466248},"J313":{"pressure_scaling":37.3675422668},"J314":{"pressure_scaling":53.6137657166},"J315":{"pressure_scaling":52.4246177673},"J316":{"pressure_scaling":55.4406585693},"J318":{"pressure_scaling":51.3159408569},"J319":{"pressure_scaling":65.695098877},"J210":{"pressure_scaling":61.7478294373},"J211":{"pressure_scaling":57.4996681213},"J212":{"pressure_scaling":60.8995056152},"J214":{"pressure_scaling":60.2295036316},"J217":{"pressure_scaling":57.4666290283},"J218":{"pressure_scaling":61.0922279358},"J219":{"pressure_scaling":58.4295120239},"J110":{"pressure_scaling":57.2579040527},"J420":{"pressure_scaling":26.2154083252},"J421":{"pressure_scaling":29.6283073425},"J422":{"pressure_scaling":27.5400943756},"J1153":{"pressure_scaling":45.95079422},"J1154":{"pressure_scaling":53.7514076233},"J1155":{"pressure_scaling":52.7617874146},"J425":{"pressure_scaling":75.4016494751},"J426":{"pressure_scaling":66.8636474609},"J1157":{"pressure_scaling":45.878616333},"J427":{"pressure_scaling":72.484992981},"J1158":{"pressure_scaling":40.0308532715},"J428":{"pressure_scaling":44.6156272888},"J429":{"pressure_scaling":48.3829917908},"J320":{"pressure_scaling":59.1131973267},"J321":{"pressure_scaling":61.1826782227},"J322":{"pressure_scaling":57.7518539429},"J324":{"pressure_scaling":63.3863754272},"J1056":{"pressure_scaling":61.4922866821},"J327":{"pressure_scaling":56.4040870667},"J1058":{"pressure_scaling":51.7308731079},"J328":{"pressure_scaling":60.5527153015},"J329":{"pressure_scaling":66.8103790283},"J220":{"pressure_scaling":30.3722305298},"J221":{"pressure_scaling":7.9171772003},"J225":{"pressure_scaling":54.9382286072},"J226":{"pressure_scaling":56.8556861877},"J50":{"pressure_scaling":32.9300956726},"J51":{"pressure_scaling":27.3112468719},"J53":{"pressure_scaling":23.7232608795},"J54":{"pressure_scaling":28.5044155121},"J128":{"pressure_scaling":47.659942627},"J55":{"pressure_scaling":37.7022972107},"J129":{"pressure_scaling":69.4203948975},"J56":{"pressure_scaling":36.7874984741},"J57":{"pressure_scaling":50.1154632568},"J58":{"pressure_scaling":32.6976203918},"J59":{"pressure_scaling":52.3272666931},"J1160":{"pressure_scaling":41.1237373352},"J1161":{"pressure_scaling":40.7475585938},"J431":{"pressure_scaling":49.7329025269},"J432":{"pressure_scaling":46.5847663879},"J433":{"pressure_scaling":41.1460571289},"J434":{"pressure_scaling":52.7968940735},"J435":{"pressure_scaling":55.5067405701},"J436":{"pressure_scaling":43.48046875},"J438":{"pressure_scaling":58.9821014404},"J1169":{"pressure_scaling":63.5639724731},"J439":{"pressure_scaling":42.8426437378},"J330":{"pressure_scaling":47.1758918762},"J331":{"pressure_scaling":46.1411247253},"J332":{"pressure_scaling":19.4694232941},"J333":{"pressure_scaling":40.1967010498},"J334":{"pressure_scaling":36.565158844},"J335":{"pressure_scaling":40.9796600342},"J336":{"pressure_scaling":42.6096572876},"J337":{"pressure_scaling":46.6605644226},"J231":{"pressure_scaling":37.3340988159},"J232":{"pressure_scaling":39.4259262085},"J233":{"pressure_scaling":62.9899559021},"J234":{"pressure_scaling":72.4277038574},"J236":{"pressure_scaling":51.7551727295},"J237":{"pressure_scaling":36.6137771606},"J130":{"pressure_scaling":39.9935417175},"J131":{"pressure_scaling":45.0116844177},"J132":{"pressure_scaling":60.3154449463},"J133":{"pressure_scaling":65.2405853271},"J60":{"pressure_scaling":55.0468940735},"J134":{"pressure_scaling":55.444065094},"J135":{"pressure_scaling":66.2917175293},"J62":{"pressure_scaling":49.3117599487},"J64":{"pressure_scaling":26.7415962219},"J65":{"pressure_scaling":26.7415351868},"J66":{"pressure_scaling":37.6314163208},"J67":{"pressure_scaling":27.6978130341},"J68":{"pressure_scaling":35.2264556885},"J69":{"pressure_scaling":37.2094078064},"J1170":{"pressure_scaling":64.4423980713},"J441":{"pressure_scaling":71.1915969849},"J444":{"pressure_scaling":38.9524230957},"J341":{"pressure_scaling":52.9901809692},"J344":{"pressure_scaling":64.2828369141},"J345":{"pressure_scaling":69.0066452026},"J347":{"pressure_scaling":64.5830688477},"J348":{"pressure_scaling":47.0216674805},"J349":{"pressure_scaling":72.9355239868},"J241":{"pressure_scaling":40.4981918335},"J242":{"pressure_scaling":45.4996871948},"J243":{"pressure_scaling":50.4934959412},"J244":{"pressure_scaling":40.120765686},"J245":{"pressure_scaling":39.4887428284},"J246":{"pressure_scaling":54.8231811523},"J247":{"pressure_scaling":53.0552406311},"J248":{"pressure_scaling":56.0735397339},"J249":{"pressure_scaling":60.9048461914},"J142":{"pressure_scaling":64.3637237549},"J143":{"pressure_scaling":63.5843544006},"J70":{"pressure_scaling":38.2090454102},"J144":{"pressure_scaling":65.6747894287},"J71":{"pressure_scaling":31.4578952789},"J72":{"pressure_scaling":33.3742294312},"J73":{"pressure_scaling":28.4769802094},"J74":{"pressure_scaling":33.3713760376},"J76":{"pressure_scaling":38.16223526},"J77":{"pressure_scaling":32.3783912659},"J78":{"pressure_scaling":44.087474823},"J350":{"pressure_scaling":85.3163986206},"J351":{"pressure_scaling":83.8310470581},"J352":{"pressure_scaling":62.6378822327},"J353":{"pressure_scaling":87.0808029175},"J354":{"pressure_scaling":91.0340042114},"J355":{"pressure_scaling":78.9852905273},"J358":{"pressure_scaling":83.4006576538},"J359":{"pressure_scaling":87.8144302368},"J250":{"pressure_scaling":43.5356407166},"J251":{"pressure_scaling":62.2981147766},"J252":{"pressure_scaling":53.6743469238},"J253":{"pressure_scaling":58.1410636902},"J254":{"pressure_scaling":58.2422561646},"J257":{"pressure_scaling":31.830039978},"J154":{"pressure_scaling":38.0324516296},"J155":{"pressure_scaling":37.2863731384},"J82":{"pressure_scaling":33.8627433777},"J156":{"pressure_scaling":25.8446960449},"J83":{"pressure_scaling":44.0761985779},"J84":{"pressure_scaling":73.2070770264},"J85":{"pressure_scaling":68.3067321777},"J159":{"pressure_scaling":43.1594467163},"J86":{"pressure_scaling":60.4859199524},"J87":{"pressure_scaling":74.6913452148},"J89":{"pressure_scaling":64.5269851685},"J360":{"pressure_scaling":84.4306106567},"J361":{"pressure_scaling":81.8306427002},"J362":{"pressure_scaling":67.303817749},"J363":{"pressure_scaling":66.4334335327},"J364":{"pressure_scaling":73.243309021},"J365":{"pressure_scaling":38.5235366821},"J366":{"pressure_scaling":54.0178184509},"J1208":{"pressure_scaling":68.409538269},"J367":{"pressure_scaling":54.7751846313},"J369":{"pressure_scaling":48.1143722534},"J160":{"pressure_scaling":37.9849624634},"J161":{"pressure_scaling":51.4951553345},"J162":{"pressure_scaling":37.4244689941},"J163":{"pressure_scaling":58.1098403931},"J164":{"pressure_scaling":56.963558197},"J91":{"pressure_scaling":68.7168197632},"J165":{"pressure_scaling":57.6190185547},"J166":{"pressure_scaling":50.3551063538},"J167":{"pressure_scaling":50.3945388794},"J94":{"pressure_scaling":86.1248474121},"J95":{"pressure_scaling":50.6100921631},"J96":{"pressure_scaling":43.1592788696},"J97":{"pressure_scaling":38.9479751587},"J976":{"pressure_scaling":63.5872344971},"J571":{"pressure_scaling":58.8755569458},"J572":{"pressure_scaling":59.5845985413},"J573":{"pressure_scaling":51.2451019287},"J574":{"pressure_scaling":65.4327850342},"J575":{"pressure_scaling":60.2443161011},"J576":{"pressure_scaling":55.2932662964},"J370":{"pressure_scaling":47.8748703003},"J371":{"pressure_scaling":69.3047332764},"J372":{"pressure_scaling":45.2358779907},"J373":{"pressure_scaling":41.2164649963},"J374":{"pressure_scaling":54.7561721802},"J375":{"pressure_scaling":45.7403106689},