{"J511":{"pressure_scaling":30.2609920502},"J411":{"pressure_scaling":61.0609397888},"J414":{"pressure_scaling":33.6085929871},"J415":{"pressure_scaling":81.8280410767},"J416":{"pressure_scaling":97.7025985718},"J417":{"pressure_scaling":29.9364242554},"J418":{"pressure_scaling":29.4185466766},"J419":{"pressure_scaling":26.1539840698},"J310":{"pressure_scaling":53.7724380493},"J311":{"pressure_scaling":49.687171936},"J312":{"pressure_scaling":36.7037811279},"J313":{"pressure_scaling":37.5159339905},"J314":{"pressure_scaling":54.1339302063},"J315":{"pressure_scaling":52.9470214844},"J316":{"pressure_scaling":55.9666366577},"J318":{"pressure_scaling":51.4681282043},"J319":{"pressure_scaling":65.8474731445},"J210":{"pressure_scaling":62.2661132812},"J211":{"pressure_scaling":58.0176010132},"J212":{"pressure_scaling":61.4174194336},"J214":{"pressure_scaling":60.7472457886},"J217":{"pressure_scaling":57.9852104187},"J218":{"pressure_scaling":61.6102104187},"J219":{"pressure_scaling":58.5776023865},"J110":{"pressure_scaling":57.7679367065},"J420":{"pressure_scaling":26.6682338715},"J421":{"pressure_scaling":30.1307277679},"J422":{"pressure_scaling":27.9982738495},"J1153":{"pressure_scaling":46.4717559814},"J1154":{"pressure_scaling":54.2727394104},"J1155":{"pressure_scaling":53.2839660645},"J425":{"pressure_scaling":75.5384674072},"J426":{"pressure_scaling":66.9953536987},"J1157":{"pressure_scaling":46.3995552063},"J427":{"pressure_scaling":72.6212081909},"J1158":{"pressure_scaling":40.5509338379},"J428":{"pressure_scaling":45.2563896179},"J429":{"pressure_scaling":49.0427856445},"J320":{"pressure_scaling":59.2685165405},"J321":{"pressure_scaling":61.3381080627},"J322":{"pressure_scaling":57.9076156616},"J324":{"pressure_scaling":63.5417861938},"J1056":{"pressure_scaling":62.0093383789},"J327":{"pressure_scaling":56.5599021912},"J1058":{"pressure_scaling":52.3308296204},"J328":{"pressure_scaling":60.7093276978},"J329":{"pressure_scaling":66.9825363159},"J220":{"pressure_scaling":30.5205821991},"J221":{"pressure_scaling":8.0446271896},"J225":{"pressure_scaling":55.4672660828},"J226":{"pressure_scaling":57.3918533325},"J50":{"pressure_scaling":33.0764579773},"J51":{"pressure_scaling":27.45652771},"J53":{"pressure_scaling":23.8605422974},"J54":{"pressure_scaling":28.6450328827},"J128":{"pressure_scaling":47.7689781189},"J55":{"pressure_scaling":37.8424682617},"J129":{"pressure_scaling":69.5535812378},"J56":{"pressure_scaling":36.9286880493},"J57":{"pressure_scaling":50.2601013184},"J58":{"pressure_scaling":32.8376922607},"J59":{"pressure_scaling":52.4725456238},"J1160":{"pressure_scaling":41.7034187317},"J1161":{"pressure_scaling":41.3276100159},"J431":{"pressure_scaling":50.3069648743},"J432":{"pressure_scaling":47.1587409973},"J433":{"pressure_scaling":41.6595726013},"J434":{"pressure_scaling":53.3126678467},"J435":{"pressure_scaling":56.0668373108},"J436":{"pressure_scaling":44.1159324646},"J438":{"pressure_scaling":59.4979171753},"J1169":{"pressure_scaling":63.639213562},"J439":{"pressure_scaling":43.4696350098},"J330":{"pressure_scaling":47.3280334473},"J331":{"pressure_scaling":46.292881012},"J332":{"pressure_scaling":19.9158153534},"J333":{"pressure_scaling":40.7277793884},"J334":{"pressure_scaling":37.0963096619},"J335":{"pressure_scaling":41.5075302124},"J336":{"pressure_scaling":43.1298103333},"J337":{"pressure_scaling":47.1787719727},"J231":{"pressure_scaling":37.4897651672},"J232":{"pressure_scaling":39.5815925598},"J233":{"pressure_scaling":63.1123657227},"J234":{"pressure_scaling":72.5527954102},"J236":{"pressure_scaling":51.9058189392},"J237":{"pressure_scaling":36.7647018433},"J130":{"pressure_scaling":40.5804023743},"J131":{"pressure_scaling":45.1174736023},"J132":{"pressure_scaling":60.433139801},"J133":{"pressure_scaling":65.36277771},"J60":{"pressure_scaling":55.1943740845},"J134":{"pressure_scaling":55.5538673401},"J135":{"pressure_scaling":66.411895752},"J62":{"pressure_scaling":49.4570846558},"J64":{"pressure_scaling":26.8782138824},"J65":{"pressure_scaling":26.8781547546},"J66":{"pressure_scaling":37.7760925293},"J67":{"pressure_scaling":27.8377971649},"J68":{"pressure_scaling":35.3680229187},"J69":{"pressure_scaling":37.3510475159},"J1170":{"pressure_scaling":64.517539978},"J441":{"pressure_scaling":71.3268432617},"J444":{"pressure_scaling":39.4718894958},"J341":{"pressure_scaling":53.5096206665},"J344":{"pressure_scaling":64.3580856323},"J345":{"pressure_scaling":69.081993103},"J347":{"pressure_scaling":64.6580047607},"J348":{"pressure_scaling":47.1797332764},"J349":{"pressure_scaling":73.1017990112},"J241":{"pressure_scaling":40.6462669373},"J242":{"pressure_scaling":45.6478385925},"J243":{"pressure_scaling":50.6414260864},"J244":{"pressure_scaling":40.2701072693},"J245":{"pressure_scaling":39.6367263794},"J246":{"pressure_scaling":54.9737472534},"J247":{"pressure_scaling":53.2048110962},"J248":{"pressure_scaling":56.2233276367},"J249":{"pressure_scaling":61.0529251099},"J142":{"pressure_scaling":64.879524231},"J143":{"pressure_scaling":64.1003723145},"J70":{"pressure_scaling":38.3506774902},"J144":{"pressure_scaling":66.1918106079},"J71":{"pressure_scaling":31.5987377167},"J72":{"pressure_scaling":33.5153808594},"J73":{"pressure_scaling":28.6176948547},"J74":{"pressure_scaling":33.5125579834},"J76":{"pressure_scaling":38.3039550781},"J77":{"pressure_scaling":32.5195083618},"J78":{"pressure_scaling":44.2354431152},"J350":{"pressure_scaling":85.391166687},"J351":{"pressure_scaling":83.9973754883},"J352":{"pressure_scaling":62.8055419922},"J353":{"pressure_scaling":87.2499923706},"J354":{"pressure_scaling":91.2036743164},"J355":{"pressure_scaling":79.156829834},"J358":{"pressure_scaling":83.579750061},"J359":{"pressure_scaling":87.9945602417},"J250":{"pressure_scaling":43.6835784912},"J251":{"pressure_scaling":62.4228286743},"J252":{"pressure_scaling":53.7909393311},"J253":{"pressure_scaling":58.2618217468},"J254":{"pressure_scaling":58.3628311157},"J257":{"pressure_scaling":31.9198722839},"J154":{"pressure_scaling":38.5081634521},"J155":{"pressure_scaling":37.7620620728},"J82":{"pressure_scaling":34.0092201233},"J156":{"pressure_scaling":26.3170108795},"J83":{"pressure_scaling":44.2278518677},"J84":{"pressure_scaling":73.3547592163},"J85":{"pressure_scaling":68.4549713135},"J159":{"pressure_scaling":43.6402206421},"J86":{"pressure_scaling":60.6340026855},"J87":{"pressure_scaling":74.839225769},"J89":{"pressure_scaling":64.6537857056},"J360":{"pressure_scaling":84.6113815308},"J361":{"pressure_scaling":81.9998168945},"J362":{"pressure_scaling":67.4763412476},"J363":{"pressure_scaling":66.5627670288},"J364":{"pressure_scaling":73.3758468628},"J365":{"pressure_scaling":39.043056488},"J366":{"pressure_scaling":54.5390548706},"J1208":{"pressure_scaling":68.5826263428},"J367":{"pressure_scaling":55.2967720032},"J369":{"pressure_scaling":48.6356124878},"J160":{"pressure_scaling":38.4609985352},"J161":{"pressure_scaling":52.0020484924},"J162":{"pressure_scaling":37.9304008484},"J163":{"pressure_scaling":58.6169586182},"J164":{"pressure_scaling":57.4707870483},"J91":{"pressure_scaling":68.8473892212},"J165":{"pressure_scaling":58.1260604858},"J166":{"pressure_scaling":50.8619537354},"J167":{"pressure_scaling":50.9018554688},"J94":{"pressure_scaling":86.2045974731},"J95":{"pressure_scaling":51.1201133728},"J96":{"pressure_scaling":43.6688652039},"J97":{"pressure_scaling":39.4572372437},"J976":{"pressure_scaling":64.1031799316},"J571":{"pressure_scaling":58.9886283875},"J572":{"pressure_scaling":59.6984481812},"J573":{"pressure_scaling":51.3586235046},"J574":{"pressure_scaling":65.5605621338},"J575":{"pressure_scaling":60.3601074219},"J576":{"pressure_scaling":55.4028129578},"J370":{"pressure_scaling":48.3961296082},"J371":{"pressure_scaling":69.4348220825},"J372":{"pressure_scaling":45.76014328},"J373":{"pressure_scaling":41.7400588989},"J374":{"pressure_scaling":55.281036377},"J375":{"pressure_scaling":46.2642402649},