{"J511":{"pressure_scaling":131.6832580566},"J411":{"pressure_scaling":157.8509979248},"J414":{"pressure_scaling":131.4119415283},"J415":{"pressure_scaling":191.2012176514},"J416":{"pressure_scaling":198.4287719727},"J417":{"pressure_scaling":128.0885009766},"J418":{"pressure_scaling":127.9381027222},"J419":{"pressure_scaling":124.7616119385},"J310":{"pressure_scaling":160.1613311768},"J311":{"pressure_scaling":156.0777587891},"J312":{"pressure_scaling":143.1904144287},"J313":{"pressure_scaling":144.0019989014},"J314":{"pressure_scaling":149.5161895752},"J315":{"pressure_scaling":148.2826690674},"J316":{"pressure_scaling":151.4532165527},"J318":{"pressure_scaling":157.8975067139},"J319":{"pressure_scaling":172.2758789062},"J210":{"pressure_scaling":157.9144287109},"J211":{"pressure_scaling":153.6688842773},"J212":{"pressure_scaling":157.0720214844},"J214":{"pressure_scaling":156.5979766846},"J217":{"pressure_scaling":153.095413208},"J218":{"pressure_scaling":157.2601165771},"J219":{"pressure_scaling":174.6429290771},"J110":{"pressure_scaling":156.5344390869},"J420":{"pressure_scaling":125.2716140747},"J421":{"pressure_scaling":128.3349761963},"J422":{"pressure_scaling":126.5181045532},"J1153":{"pressure_scaling":141.1122283936},"J1154":{"pressure_scaling":149.3822021484},"J1155":{"pressure_scaling":148.3372497559},"J425":{"pressure_scaling":176.1761016846},"J426":{"pressure_scaling":167.5691986084},"J1157":{"pressure_scaling":141.0334472656},"J427":{"pressure_scaling":173.3401794434},"J1158":{"pressure_scaling":135.5268249512},"J428":{"pressure_scaling":138.163269043},"J429":{"pressure_scaling":142.0207672119},"J320":{"pressure_scaling":165.6194458008},"J321":{"pressure_scaling":167.6844177246},"J322":{"pressure_scaling":164.2533569336},"J324":{"pressure_scaling":169.8872528076},"J1056":{"pressure_scaling":158.2331695557},"J327":{"pressure_scaling":162.8992919922},"J1058":{"pressure_scaling":147.6097564697},"J328":{"pressure_scaling":167.0334777832},"J329":{"pressure_scaling":172.9828033447},"J220":{"pressure_scaling":146.5562896729},"J221":{"pressure_scaling":114.5595932007},"J225":{"pressure_scaling":150.8844909668},"J226":{"pressure_scaling":152.6631774902},"J50":{"pressure_scaling":139.6494598389},"J51":{"pressure_scaling":134.0294036865},"J53":{"pressure_scaling":140.5000610352},"J54":{"pressure_scaling":145.2182922363},"J128":{"pressure_scaling":150.2392578125},"J55":{"pressure_scaling":154.5096740723},"J129":{"pressure_scaling":172.3277130127},"J56":{"pressure_scaling":153.5444030762},"J57":{"pressure_scaling":166.6926269531},"J58":{"pressure_scaling":149.5078125},"J59":{"pressure_scaling":168.8266296387},"J1160":{"pressure_scaling":137.3388061523},"J1161":{"pressure_scaling":136.9449005127},"J431":{"pressure_scaling":146.1603240967},"J432":{"pressure_scaling":143.0041351318},"J433":{"pressure_scaling":138.9148101807},"J434":{"pressure_scaling":150.2012176514},"J435":{"pressure_scaling":152.213180542},"J436":{"pressure_scaling":137.1861724854},"J438":{"pressure_scaling":156.3246002197},"J1169":{"pressure_scaling":174.1307830811},"J439":{"pressure_scaling":136.2777557373},"J330":{"pressure_scaling":153.7293243408},"J331":{"pressure_scaling":152.6978759766},"J332":{"pressure_scaling":106.3973693848},"J333":{"pressure_scaling":132.1201934814},"J334":{"pressure_scaling":128.4651794434},"J335":{"pressure_scaling":132.9769744873},"J336":{"pressure_scaling":134.7685394287},"J337":{"pressure_scaling":142.8214416504},"J231":{"pressure_scaling":143.5446777344},"J232":{"pressure_scaling":145.635269165},"J233":{"pressure_scaling":163.3944549561},"J234":{"pressure_scaling":173.2315216064},"J236":{"pressure_scaling":167.5628204346},"J237":{"pressure_scaling":152.4213409424},"J130":{"pressure_scaling":177.6322631836},"J131":{"pressure_scaling":147.5198669434},"J132":{"pressure_scaling":161.9357147217},"J133":{"pressure_scaling":166.885269165},"J60":{"pressure_scaling":171.3399505615},"J134":{"pressure_scaling":156.4282226562},"J135":{"pressure_scaling":167.2003479004},"J62":{"pressure_scaling":165.8167877197},"J64":{"pressure_scaling":143.4999237061},"J65":{"pressure_scaling":143.4998474121},"J66":{"pressure_scaling":154.1231079102},"J67":{"pressure_scaling":144.5077819824},"J68":{"pressure_scaling":151.8020324707},"J69":{"pressure_scaling":153.7767181396},"J1170":{"pressure_scaling":175.0097351074},"J441":{"pressure_scaling":172.0601348877},"J444":{"pressure_scaling":134.6629638672},"J341":{"pressure_scaling":147.6561126709},"J344":{"pressure_scaling":174.849395752},"J345":{"pressure_scaling":179.5730133057},"J347":{"pressure_scaling":175.1497039795},"J348":{"pressure_scaling":153.2432403564},"J349":{"pressure_scaling":179.057723999},"J241":{"pressure_scaling":156.7154998779},"J242":{"pressure_scaling":161.7173461914},"J243":{"pressure_scaling":166.7090606689},"J244":{"pressure_scaling":156.1337738037},"J245":{"pressure_scaling":155.7309112549},"J246":{"pressure_scaling":170.658493042},"J247":{"pressure_scaling":169.021270752},"J248":{"pressure_scaling":172.0215454102},"J249":{"pressure_scaling":177.1261291504},"J142":{"pressure_scaling":161.8808441162},"J143":{"pressure_scaling":161.0989379883},"J70":{"pressure_scaling":154.7761077881},"J144":{"pressure_scaling":163.1721954346},"J71":{"pressure_scaling":148.1483764648},"J72":{"pressure_scaling":150.0233612061},"J73":{"pressure_scaling":145.1774902344},"J74":{"pressure_scaling":150.0191802979},"J76":{"pressure_scaling":154.7057800293},"J77":{"pressure_scaling":149.0296478271},"J78":{"pressure_scaling":150.8015136719},"J350":{"pressure_scaling":195.9060668945},"J351":{"pressure_scaling":189.9546966553},"J352":{"pressure_scaling":168.7805023193},"J353":{"pressure_scaling":193.1948699951},"J354":{"pressure_scaling":197.1474914551},"J355":{"pressure_scaling":185.0018310547},"J358":{"pressure_scaling":189.2607269287},"J359":{"pressure_scaling":193.65284729},"J250":{"pressure_scaling":159.771987915},"J251":{"pressure_scaling":162.5477905273},"J252":{"pressure_scaling":153.9169464111},"J253":{"pressure_scaling":160.7697906494},"J254":{"pressure_scaling":160.8696746826},"J257":{"pressure_scaling":132.1001739502},"J154":{"pressure_scaling":141.9598083496},"J155":{"pressure_scaling":141.1992797852},"J82":{"pressure_scaling":140.580947876},"J156":{"pressure_scaling":129.9222412109},"J83":{"pressure_scaling":150.6686859131},"J84":{"pressure_scaling":189.7143249512},"J85":{"pressure_scaling":184.6094818115},"J159":{"pressure_scaling":146.4568939209},"J86":{"pressure_scaling":176.7002716064},"J87":{"pressure_scaling":191.2160491943},"J89":{"pressure_scaling":167.1656799316},"J360":{"pressure_scaling":190.2511291504},"J361":{"pressure_scaling":187.8929748535},"J362":{"pressure_scaling":173.469833374},"J363":{"pressure_scaling":166.9039306641},"J364":{"pressure_scaling":173.6082458496},"J365":{"pressure_scaling":134.1437835693},"J366":{"pressure_scaling":149.8278808594},"J1208":{"pressure_scaling":174.5642089844},"J367":{"pressure_scaling":150.4337310791},"J369":{"pressure_scaling":143.7917022705},"J160":{"pressure_scaling":141.8854522705},"J161":{"pressure_scaling":151.3791656494},"J162":{"pressure_scaling":137.3072662354},"J163":{"pressure_scaling":157.9969329834},"J164":{"pressure_scaling":156.845703125},"J91":{"pressure_scaling":171.3617858887},"J165":{"pressure_scaling":157.505355835},"J166":{"pressure_scaling":150.2379608154},"J167":{"pressure_scaling":150.2778625488},"J94":{"pressure_scaling":191.4656219482},"J95":{"pressure_scaling":149.8820343018},"J96":{"pressure_scaling":142.4240264893},"J97":{"pressure_scaling":138.1995697021},"J976":{"pressure_scaling":161.1031799316},"J571":{"pressure_scaling":159.9393768311},"J572":{"pressure_scaling":160.6489562988},"J573":{"pressure_scaling":153.8532104492},"J574":{"pressure_scaling":168.0836181641},"J575":{"pressure_scaling":161.5427398682},"J576":{"pressure_scaling":156.3022003174},"J370":{"pressure_scaling":143.4668273926},"J371":{"pressure_scaling":169.6336212158},