{"J511":{"pressure_scaling":31.361787796},"J411":{"pressure_scaling":62.6486778259},"J414":{"pressure_scaling":35.2279396057},"J415":{"pressure_scaling":85.3983383179},"J416":{"pressure_scaling":100.3544769287},"J417":{"pressure_scaling":31.5700683594},"J418":{"pressure_scaling":29.4874134064},"J419":{"pressure_scaling":26.2233524323},"J310":{"pressure_scaling":54.6160202026},"J311":{"pressure_scaling":50.530582428},"J312":{"pressure_scaling":37.524230957},"J313":{"pressure_scaling":38.3364028931},"J314":{"pressure_scaling":55.7114105225},"J315":{"pressure_scaling":54.5269012451},"J316":{"pressure_scaling":57.5404243469},"J318":{"pressure_scaling":52.3008766174},"J319":{"pressure_scaling":66.6792984009},"J210":{"pressure_scaling":63.8339004517},"J211":{"pressure_scaling":59.5841407776},"J212":{"pressure_scaling":62.9854049683},"J214":{"pressure_scaling":62.3193473816},"J217":{"pressure_scaling":59.5544471741},"J218":{"pressure_scaling":63.1741600037},"J219":{"pressure_scaling":57.6441955566},"J110":{"pressure_scaling":59.4394226074},"J420":{"pressure_scaling":26.7412605286},"J421":{"pressure_scaling":31.7663497925},"J422":{"pressure_scaling":28.0674800873},"J1153":{"pressure_scaling":48.0570678711},"J1154":{"pressure_scaling":55.8533668518},"J1155":{"pressure_scaling":54.8652229309},"J425":{"pressure_scaling":78.1413650513},"J426":{"pressure_scaling":69.5636367798},"J1157":{"pressure_scaling":47.9838905334},"J427":{"pressure_scaling":75.2693939209},"J1158":{"pressure_scaling":42.1334762573},"J428":{"pressure_scaling":47.0942344666},"J429":{"pressure_scaling":50.8773880005},"J320":{"pressure_scaling":60.1217880249},"J321":{"pressure_scaling":62.1926841736},"J322":{"pressure_scaling":58.7616729736},"J324":{"pressure_scaling":64.3961791992},"J1056":{"pressure_scaling":63.5899505615},"J327":{"pressure_scaling":57.4167518616},"J1058":{"pressure_scaling":54.0583343506},"J328":{"pressure_scaling":61.5708389282},"J329":{"pressure_scaling":67.9430999756},"J220":{"pressure_scaling":29.5873298645},"J221":{"pressure_scaling":8.8565921783},"J225":{"pressure_scaling":57.0466003418},"J226":{"pressure_scaling":58.9794807434},"J50":{"pressure_scaling":33.8868408203},"J51":{"pressure_scaling":28.2670001984},"J53":{"pressure_scaling":23.1672935486},"J54":{"pressure_scaling":27.9526348114},"J128":{"pressure_scaling":49.7366714478},"J55":{"pressure_scaling":37.1463775635},"J129":{"pressure_scaling":71.5371627808},"J56":{"pressure_scaling":36.2194900513},"J57":{"pressure_scaling":49.5015106201},"J58":{"pressure_scaling":32.1425247192},"J59":{"pressure_scaling":51.6848144531},"J1160":{"pressure_scaling":43.4132843018},"J1161":{"pressure_scaling":43.0378417969},"J431":{"pressure_scaling":51.9973106384},"J432":{"pressure_scaling":48.8575553894},"J433":{"pressure_scaling":43.2568626404},"J434":{"pressure_scaling":54.9019546509},"J435":{"pressure_scaling":57.7266540527},"J436":{"pressure_scaling":45.9453010559},"J438":{"pressure_scaling":61.085193634},"J1169":{"pressure_scaling":61.5391235352},"J439":{"pressure_scaling":45.3132476807},"J330":{"pressure_scaling":48.161026001},"J331":{"pressure_scaling":47.1245574951},"J332":{"pressure_scaling":21.555355072},"J333":{"pressure_scaling":42.3384017944},"J334":{"pressure_scaling":38.7090110779},"J335":{"pressure_scaling":43.1142463684},"J336":{"pressure_scaling":44.7276306152},"J337":{"pressure_scaling":48.7476730347},"J231":{"pressure_scaling":38.2284851074},"J232":{"pressure_scaling":40.3190078735},"J233":{"pressure_scaling":65.3101882935},"J234":{"pressure_scaling":74.5879058838},"J236":{"pressure_scaling":50.9672279358},"J237":{"pressure_scaling":35.8258361816},"J130":{"pressure_scaling":53.4613723755},"J131":{"pressure_scaling":47.0805397034},"J132":{"pressure_scaling":62.3917884827},"J133":{"pressure_scaling":67.3228378296},"J60":{"pressure_scaling":54.31016922},"J134":{"pressure_scaling":57.5088119507},"J135":{"pressure_scaling":68.4034957886},"J62":{"pressure_scaling":48.6715965271},"J64":{"pressure_scaling":26.1841068268},"J65":{"pressure_scaling":26.1840591431},"J66":{"pressure_scaling":36.9553718567},"J67":{"pressure_scaling":27.142824173},"J68":{"pressure_scaling":34.679145813},"J69":{"pressure_scaling":36.6624755859},"J1170":{"pressure_scaling":62.418132782},"J441":{"pressure_scaling":73.9827346802},"J444":{"pressure_scaling":41.052772522},"J341":{"pressure_scaling":55.0877227783},"J344":{"pressure_scaling":62.2578735352},"J345":{"pressure_scaling":66.9823684692},"J347":{"pressure_scaling":62.5582580566},"J348":{"pressure_scaling":47.9359893799},"J349":{"pressure_scaling":73.9658584595},"J241":{"pressure_scaling":39.7072525024},"J242":{"pressure_scaling":44.7084159851},"J243":{"pressure_scaling":49.7021446228},"J244":{"pressure_scaling":39.3314857483},"J245":{"pressure_scaling":38.7031288147},"J246":{"pressure_scaling":54.0329780579},"J247":{"pressure_scaling":52.2617454529},"J248":{"pressure_scaling":55.276676178},"J249":{"pressure_scaling":60.0725364685},"J142":{"pressure_scaling":66.4763031006},"J143":{"pressure_scaling":65.6985092163},"J70":{"pressure_scaling":37.6620559692},"J144":{"pressure_scaling":67.7911453247},"J71":{"pressure_scaling":30.9066925049},"J72":{"pressure_scaling":32.8245315552},"J73":{"pressure_scaling":27.9258384705},"J74":{"pressure_scaling":32.821849823},"J76":{"pressure_scaling":37.6158485413},"J77":{"pressure_scaling":31.8286571503},"J78":{"pressure_scaling":45.046081543},"J350":{"pressure_scaling":83.2892456055},"J351":{"pressure_scaling":84.8628616333},"J352":{"pressure_scaling":63.6965408325},"J353":{"pressure_scaling":88.1496353149},"J354":{"pressure_scaling":92.1027145386},"J355":{"pressure_scaling":80.0388641357},"J358":{"pressure_scaling":84.4848937988},"J359":{"pressure_scaling":88.9042892456},"J250":{"pressure_scaling":42.744644165},"J251":{"pressure_scaling":64.7269515991},"J252":{"pressure_scaling":56.0953636169},"J253":{"pressure_scaling":60.231590271},"J254":{"pressure_scaling":60.3314857483},"J257":{"pressure_scaling":34.2275695801},"J154":{"pressure_scaling":40.3375587463},"J155":{"pressure_scaling":39.5909080505},"J82":{"pressure_scaling":34.8202133179},"J156":{"pressure_scaling":28.1510486603},"J83":{"pressure_scaling":45.0581932068},"J84":{"pressure_scaling":71.7451705933},"J85":{"pressure_scaling":67.223991394},"J159":{"pressure_scaling":45.4478149414},"J86":{"pressure_scaling":59.6947402954},"J87":{"pressure_scaling":73.2006530762},"J89":{"pressure_scaling":66.6236114502},"J360":{"pressure_scaling":85.5239105225},"J361":{"pressure_scaling":82.8740234375},"J362":{"pressure_scaling":68.4394760132},"J363":{"pressure_scaling":69.0035629272},"J364":{"pressure_scaling":75.7559890747},"J365":{"pressure_scaling":40.6248817444},"J366":{"pressure_scaling":56.1198158264},"J1208":{"pressure_scaling":69.5500717163},"J367":{"pressure_scaling":56.87733078},"J369":{"pressure_scaling":50.2183570862},"J160":{"pressure_scaling":40.2886352539},"J161":{"pressure_scaling":53.6968193054},"J162":{"pressure_scaling":39.6256980896},"J163":{"pressure_scaling":60.3120117188},"J164":{"pressure_scaling":59.1645812988},"J91":{"pressure_scaling":70.816192627},"J165":{"pressure_scaling":59.8209762573},"J166":{"pressure_scaling":52.5562210083},"J167":{"pressure_scaling":52.5960845947},"J94":{"pressure_scaling":84.3861846924},"J95":{"pressure_scaling":52.7914085388},"J96":{"pressure_scaling":45.3400115967},"J97":{"pressure_scaling":41.1278038025},"J976":{"pressure_scaling":65.7013549805},"J571":{"pressure_scaling":60.9405097961},"J572":{"pressure_scaling":61.649646759},"J573":{"pressure_scaling":53.3270530701},"J574":{"pressure_scaling":67.5307998657},"J575":{"pressure_scaling":62.3153038025},"J576":{"pressure_scaling":57.3538246155},"J370":{"pressure_scaling":49.9773445129},"J371":{"pressure_scaling":71.7965927124},"J372":{"pressure_scaling":47.3353729248},"J373":{"pressure_scaling":43.3152809143},"J374":{"pressure_scaling":56.8557624817},"J375":{"pressure_scaling":47.8387527466},