{"J511":{"pressure_scaling":30.5997524261},"J411":{"pressure_scaling":64.4794540405},"J414":{"pressure_scaling":37.1913528442},"J415":{"pressure_scaling":84.5787582397},"J416":{"pressure_scaling":99.4753570557},"J417":{"pressure_scaling":33.5790214539},"J418":{"pressure_scaling":30.8529815674},"J419":{"pressure_scaling":27.5725460052},"J310":{"pressure_scaling":54.3246116638},"J311":{"pressure_scaling":50.239616394},"J312":{"pressure_scaling":37.2055244446},"J313":{"pressure_scaling":38.0177688599},"J314":{"pressure_scaling":57.478313446},"J315":{"pressure_scaling":56.2964363098},"J316":{"pressure_scaling":59.2850036621},"J318":{"pressure_scaling":52.0069656372},"J319":{"pressure_scaling":66.3840560913},"J210":{"pressure_scaling":65.5695037842},"J211":{"pressure_scaling":61.3188476562},"J212":{"pressure_scaling":64.7215957642},"J214":{"pressure_scaling":64.0795516968},"J217":{"pressure_scaling":61.292804718},"J218":{"pressure_scaling":64.9095230103},"J219":{"pressure_scaling":56.7888755798},"J110":{"pressure_scaling":61.4255027771},"J420":{"pressure_scaling":28.1176815033},"J421":{"pressure_scaling":33.7822151184},"J422":{"pressure_scaling":29.432975769},"J1153":{"pressure_scaling":49.8291549683},"J1154":{"pressure_scaling":57.6246261597},"J1155":{"pressure_scaling":56.6370391846},"J425":{"pressure_scaling":77.2591552734},"J426":{"pressure_scaling":68.6827545166},"J1157":{"pressure_scaling":49.7561645508},"J427":{"pressure_scaling":74.3899383545},"J1158":{"pressure_scaling":43.9073562622},"J428":{"pressure_scaling":49.1933937073},"J429":{"pressure_scaling":52.9727516174},"J320":{"pressure_scaling":59.8296852112},"J321":{"pressure_scaling":61.9022140503},"J322":{"pressure_scaling":58.4712333679},"J324":{"pressure_scaling":64.1057891846},"J1056":{"pressure_scaling":65.3806610107},"J327":{"pressure_scaling":57.119972229},"J1058":{"pressure_scaling":56.0499839783},"J328":{"pressure_scaling":61.2759933472},"J329":{"pressure_scaling":67.6121902466},"J220":{"pressure_scaling":28.7355804443},"J221":{"pressure_scaling":8.5978221893},"J225":{"pressure_scaling":58.7949829102},"J226":{"pressure_scaling":60.7360343933},"J50":{"pressure_scaling":33.5580635071},"J51":{"pressure_scaling":27.9388179779},"J53":{"pressure_scaling":22.2468490601},"J54":{"pressure_scaling":27.0767097473},"J128":{"pressure_scaling":48.8061485291},"J55":{"pressure_scaling":36.2659606934},"J129":{"pressure_scaling":70.5602645874},"J56":{"pressure_scaling":35.351234436},"J57":{"pressure_scaling":48.6629333496},"J58":{"pressure_scaling":31.2610435486},"J59":{"pressure_scaling":50.8464775085},"J1160":{"pressure_scaling":45.3872261047},"J1161":{"pressure_scaling":45.0126914978},"J431":{"pressure_scaling":53.9516677856},"J432":{"pressure_scaling":50.8204689026},"J433":{"pressure_scaling":45.148475647},"J434":{"pressure_scaling":56.7457504272},"J435":{"pressure_scaling":59.64585495},"J436":{"pressure_scaling":48.0354881287},"J438":{"pressure_scaling":62.9209098816},"J1169":{"pressure_scaling":60.4885025024},"J439":{"pressure_scaling":47.4177246094},"J330":{"pressure_scaling":47.8591880798},"J331":{"pressure_scaling":46.8215751648},"J332":{"pressure_scaling":23.3313751221},"J333":{"pressure_scaling":44.1046066284},"J334":{"pressure_scaling":40.4766464233},"J335":{"pressure_scaling":44.8762321472},"J336":{"pressure_scaling":46.4802818298},"J337":{"pressure_scaling":50.4772567749},"J231":{"pressure_scaling":37.823600769},"J232":{"pressure_scaling":39.9133377075},"J233":{"pressure_scaling":64.3815078735},"J234":{"pressure_scaling":73.5893859863},"J236":{"pressure_scaling":50.1221847534},"J237":{"pressure_scaling":34.9810409546},"J130":{"pressure_scaling":32.4971427917},"J131":{"pressure_scaling":46.1586494446},"J132":{"pressure_scaling":61.3963088989},"J133":{"pressure_scaling":66.3190765381},"J60":{"pressure_scaling":53.4629669189},"J134":{"pressure_scaling":56.5108261108},"J135":{"pressure_scaling":67.3934631348},"J62":{"pressure_scaling":47.8331947327},"J64":{"pressure_scaling":25.2476215363},"J65":{"pressure_scaling":25.2475585938},"J66":{"pressure_scaling":36.0936813354},"J67":{"pressure_scaling":26.2647609711},"J68":{"pressure_scaling":33.8040237427},"J69":{"pressure_scaling":35.787689209},"J1170":{"pressure_scaling":61.367477417},"J441":{"pressure_scaling":73.1041488647},"J444":{"pressure_scaling":42.8288192749},"J341":{"pressure_scaling":56.8299102783},"J344":{"pressure_scaling":61.2073326111},"J345":{"pressure_scaling":65.9318084717},"J347":{"pressure_scaling":61.5075531006},"J348":{"pressure_scaling":47.5317726135},"J349":{"pressure_scaling":73.6291885376},"J241":{"pressure_scaling":38.8504829407},"J242":{"pressure_scaling":43.851688385},"J243":{"pressure_scaling":48.8453559875},"J244":{"pressure_scaling":38.4806060791},"J245":{"pressure_scaling":37.8462562561},"J246":{"pressure_scaling":53.1869697571},"J247":{"pressure_scaling":51.4115142822},"J248":{"pressure_scaling":54.426410675},"J249":{"pressure_scaling":59.2076530457},"J142":{"pressure_scaling":68.3261413574},"J143":{"pressure_scaling":67.5485458374},"J70":{"pressure_scaling":36.7872657776},"J144":{"pressure_scaling":69.6420822144},"J71":{"pressure_scaling":30.0292606354},"J72":{"pressure_scaling":31.9475688934},"J73":{"pressure_scaling":27.0504283905},"J74":{"pressure_scaling":31.9449005127},"J76":{"pressure_scaling":36.7418937683},"J77":{"pressure_scaling":30.9519691467},"J78":{"pressure_scaling":44.7141494751},"J350":{"pressure_scaling":82.2372589111},"J351":{"pressure_scaling":84.5260238647},"J352":{"pressure_scaling":63.3493118286},"J353":{"pressure_scaling":87.8201980591},"J354":{"pressure_scaling":91.7737884521},"J355":{"pressure_scaling":79.7330932617},"J358":{"pressure_scaling":84.224357605},"J359":{"pressure_scaling":88.6504440308},"J250":{"pressure_scaling":41.8870277405},"J251":{"pressure_scaling":63.8409080505},"J252":{"pressure_scaling":55.2352867126},"J253":{"pressure_scaling":59.2629547119},"J254":{"pressure_scaling":59.3624992371},"J257":{"pressure_scaling":33.4758720398},"J154":{"pressure_scaling":42.621421814},"J155":{"pressure_scaling":41.8738937378},"J82":{"pressure_scaling":34.492061615},"J156":{"pressure_scaling":30.4444580078},"J83":{"pressure_scaling":44.7633857727},"J84":{"pressure_scaling":70.7644805908},"J85":{"pressure_scaling":66.3123931885},"J159":{"pressure_scaling":47.6921958923},"J86":{"pressure_scaling":58.8380966187},"J87":{"pressure_scaling":72.2141647339},"J89":{"pressure_scaling":65.6426086426},"J360":{"pressure_scaling":85.2750396729},"J361":{"pressure_scaling":82.5548782349},"J362":{"pressure_scaling":68.1078872681},"J363":{"pressure_scaling":68.1149139404},"J364":{"pressure_scaling":74.8594360352},"J365":{"pressure_scaling":42.3997840881},"J366":{"pressure_scaling":57.8965263367},"J1208":{"pressure_scaling":69.2169189453},"J367":{"pressure_scaling":58.6506652832},"J369":{"pressure_scaling":51.9932479858},"J160":{"pressure_scaling":42.5709571838},"J161":{"pressure_scaling":55.7269630432},"J162":{"pressure_scaling":41.655796051},"J163":{"pressure_scaling":62.3419036865},"J164":{"pressure_scaling":61.1948127747},"J91":{"pressure_scaling":69.8298034668},"J165":{"pressure_scaling":61.8510246277},"J166":{"pressure_scaling":54.5862693787},"J167":{"pressure_scaling":54.6260795593},"J94":{"pressure_scaling":83.5054550171},"J95":{"pressure_scaling":54.7776794434},"J96":{"pressure_scaling":47.3258895874},"J97":{"pressure_scaling":43.1134185791},"J976":{"pressure_scaling":67.5513076782},"J571":{"pressure_scaling":59.9344062805},"J572":{"pressure_scaling":60.6417236328},"J573":{"pressure_scaling":52.3832206726},"J574":{"pressure_scaling":66.5488815308},"J575":{"pressure_scaling":61.3117828369},"J576":{"pressure_scaling":56.3578567505},"J370":{"pressure_scaling":51.7508354187},"J371":{"pressure_scaling":70.9001846313},"J372":{"pressure_scaling":49.0794868469},"J373":{"pressure_scaling":45.0592956543},"J374":{"pressure_scaling":58.5994224548},"J375":{"pressure_scaling":49.5821685791},