{"J511":{"pressure_scaling":54.0343666077},"J411":{"pressure_scaling":65.2111434937},"J414":{"pressure_scaling":37.8876037598},"J415":{"pressure_scaling":107.9172134399},"J416":{"pressure_scaling":122.8826675415},"J417":{"pressure_scaling":34.263961792},"J418":{"pressure_scaling":31.5908203125},"J419":{"pressure_scaling":28.301027298},"J310":{"pressure_scaling":54.9824333191},"J311":{"pressure_scaling":50.8961372375},"J312":{"pressure_scaling":37.7999305725},"J313":{"pressure_scaling":38.6123962402},"J314":{"pressure_scaling":58.1404838562},"J315":{"pressure_scaling":56.9583625793},"J316":{"pressure_scaling":59.9158744812},"J318":{"pressure_scaling":52.6275749207},"J319":{"pressure_scaling":67.006149292},"J210":{"pressure_scaling":66.2011032104},"J211":{"pressure_scaling":61.9502830505},"J212":{"pressure_scaling":65.3535842896},"J214":{"pressure_scaling":64.7362518311},"J217":{"pressure_scaling":61.9260826111},"J218":{"pressure_scaling":65.5411911011},"J219":{"pressure_scaling":78.3480300903},"J110":{"pressure_scaling":62.392906189},"J420":{"pressure_scaling":28.8528347015},"J421":{"pressure_scaling":34.4653778076},"J422":{"pressure_scaling":30.1707687378},"J1153":{"pressure_scaling":50.4952697754},"J1154":{"pressure_scaling":58.2897720337},"J1155":{"pressure_scaling":57.3024215698},"J425":{"pressure_scaling":100.6700668335},"J426":{"pressure_scaling":92.0928344727},"J1157":{"pressure_scaling":50.4221076965},"J427":{"pressure_scaling":97.7975616455},"J1158":{"pressure_scaling":44.5759048462},"J428":{"pressure_scaling":49.9338912964},"J429":{"pressure_scaling":53.7134437561},"J320":{"pressure_scaling":60.5207328796},"J321":{"pressure_scaling":62.5932807922},"J322":{"pressure_scaling":59.1622123718},"J324":{"pressure_scaling":64.7968673706},"J1056":{"pressure_scaling":66.0695419312},"J327":{"pressure_scaling":57.8260192871},"J1058":{"pressure_scaling":56.7897224426},"J328":{"pressure_scaling":61.9961242676},"J329":{"pressure_scaling":68.6761856079},"J220":{"pressure_scaling":50.2917442322},"J221":{"pressure_scaling":9.0945568085},"J225":{"pressure_scaling":59.4256591797},"J226":{"pressure_scaling":61.3661079407},"J50":{"pressure_scaling":34.1063156128},"J51":{"pressure_scaling":28.4852352142},"J53":{"pressure_scaling":43.8706970215},"J54":{"pressure_scaling":48.7007141113},"J128":{"pressure_scaling":72.184425354},"J55":{"pressure_scaling":57.8935813904},"J129":{"pressure_scaling":93.9955291748},"J56":{"pressure_scaling":56.9729194641},"J57":{"pressure_scaling":70.2652816772},"J58":{"pressure_scaling":52.8885421753},"J59":{"pressure_scaling":72.4407272339},"J1160":{"pressure_scaling":46.1277313232},"J1161":{"pressure_scaling":45.7531738281},"J431":{"pressure_scaling":54.6955528259},"J432":{"pressure_scaling":51.5614776611},"J433":{"pressure_scaling":45.8628730774},"J434":{"pressure_scaling":57.473690033},"J435":{"pressure_scaling":60.39894104},"J436":{"pressure_scaling":48.7765464783},"J438":{"pressure_scaling":63.6510620117},"J1169":{"pressure_scaling":62.578163147},"J439":{"pressure_scaling":48.1578102112},"J330":{"pressure_scaling":48.5029449463},"J331":{"pressure_scaling":47.462097168},"J332":{"pressure_scaling":23.9805927277},"J333":{"pressure_scaling":44.7449455261},"J334":{"pressure_scaling":41.1168556213},"J335":{"pressure_scaling":45.5168609619},"J336":{"pressure_scaling":47.1214981079},"J337":{"pressure_scaling":51.1081504822},"J231":{"pressure_scaling":38.7967605591},"J232":{"pressure_scaling":40.88722229},"J233":{"pressure_scaling":87.8075180054},"J234":{"pressure_scaling":97.0299987793},"J236":{"pressure_scaling":71.6753463745},"J237":{"pressure_scaling":56.5340957642},"J130":{"pressure_scaling":60.7606658936},"J131":{"pressure_scaling":69.5257873535},"J132":{"pressure_scaling":84.8222961426},"J133":{"pressure_scaling":89.7541427612},"J60":{"pressure_scaling":75.033203125},"J134":{"pressure_scaling":79.9231338501},"J135":{"pressure_scaling":90.8302612305},"J62":{"pressure_scaling":69.4281387329},"J64":{"pressure_scaling":46.8762550354},"J65":{"pressure_scaling":46.8761825562},"J66":{"pressure_scaling":57.6840019226},"J67":{"pressure_scaling":47.8882675171},"J68":{"pressure_scaling":55.4313278198},"J69":{"pressure_scaling":57.4148254395},"J1170":{"pressure_scaling":63.4570541382},"J441":{"pressure_scaling":96.5109024048},"J444":{"pressure_scaling":43.4999885559},"J341":{"pressure_scaling":57.4655570984},"J344":{"pressure_scaling":63.2970275879},"J345":{"pressure_scaling":68.0212783813},"J347":{"pressure_scaling":63.5971069336},"J348":{"pressure_scaling":48.5152816772},"J349":{"pressure_scaling":74.6763763428},"J241":{"pressure_scaling":60.4082527161},"J242":{"pressure_scaling":65.409362793},"J243":{"pressure_scaling":70.4031906128},"J244":{"pressure_scaling":60.0358352661},"J245":{"pressure_scaling":59.40599823},"J246":{"pressure_scaling":74.7399978638},"J247":{"pressure_scaling":72.9648971558},"J248":{"pressure_scaling":75.9797363281},"J249":{"pressure_scaling":80.756729126},"J142":{"pressure_scaling":69.0859222412},"J143":{"pressure_scaling":68.30834198},"J70":{"pressure_scaling":58.414390564},"J144":{"pressure_scaling":70.4018325806},"J71":{"pressure_scaling":51.6555213928},"J72":{"pressure_scaling":53.5746269226},"J73":{"pressure_scaling":48.6744041443},"J74":{"pressure_scaling":53.571975708},"J76":{"pressure_scaling":58.3690299988},"J77":{"pressure_scaling":52.57862854},"J78":{"pressure_scaling":45.2660560608},"J350":{"pressure_scaling":84.3272171021},"J351":{"pressure_scaling":85.5731658936},"J352":{"pressure_scaling":64.4067993164},"J353":{"pressure_scaling":88.8818130493},"J354":{"pressure_scaling":92.8353805542},"J355":{"pressure_scaling":80.7782745361},"J358":{"pressure_scaling":85.2667922974},"J359":{"pressure_scaling":89.6925125122},"J250":{"pressure_scaling":63.4453620911},"J251":{"pressure_scaling":87.2624893188},"J252":{"pressure_scaling":78.6310882568},"J253":{"pressure_scaling":82.6807479858},"J254":{"pressure_scaling":82.7806167603},"J257":{"pressure_scaling":56.765083313},"J154":{"pressure_scaling":44.0447654724},"J155":{"pressure_scaling":43.295879364},"J82":{"pressure_scaling":35.0413665771},"J156":{"pressure_scaling":31.8823375702},"J83":{"pressure_scaling":45.3818588257},"J84":{"pressure_scaling":92.1801223755},"J85":{"pressure_scaling":87.8085861206},"J159":{"pressure_scaling":49.0552597046},"J86":{"pressure_scaling":80.3958587646},"J87":{"pressure_scaling":93.6235427856},"J89":{"pressure_scaling":89.0729217529},"J360":{"pressure_scaling":86.3166656494},"J361":{"pressure_scaling":83.6008529663},"J362":{"pressure_scaling":69.1794891357},"J363":{"pressure_scaling":91.5338592529},"J364":{"pressure_scaling":98.2871551514},"J365":{"pressure_scaling":43.0697746277},"J366":{"pressure_scaling":58.568862915},"J1208":{"pressure_scaling":70.3019332886},"J367":{"pressure_scaling":59.318901062},"J369":{"pressure_scaling":52.6632118225},"J160":{"pressure_scaling":43.991771698},"J161":{"pressure_scaling":56.7613296509},"J162":{"pressure_scaling":42.6900939941},"J163":{"pressure_scaling":63.3762016296},"J164":{"pressure_scaling":62.2290878296},"J91":{"pressure_scaling":93.2657546997},"J165":{"pressure_scaling":62.8852348328},"J166":{"pressure_scaling":55.6205253601},"J167":{"pressure_scaling":55.6603469849},"J94":{"pressure_scaling":85.4517669678},"J95":{"pressure_scaling":55.7449531555},"J96":{"pressure_scaling":48.2929153442},"J97":{"pressure_scaling":44.0798072815},"J976":{"pressure_scaling":68.3111419678},"J571":{"pressure_scaling":83.3579025269},"J572":{"pressure_scaling":84.0672912598},"J573":{"pressure_scaling":75.7757644653},"J574":{"pressure_scaling":89.9804763794},"J575":{"pressure_scaling":84.738494873},"J576":{"pressure_scaling":79.7699966431},"J370":{"pressure_scaling":52.4193687439},"J371":{"pressure_scaling":94.3278503418},"J372":{"pressure_scaling":49.7105178833},"J373":{"pressure_scaling":45.6902542114},"J374":{"pressure_scaling":59.2303581238},"J375":{"pressure_scaling":50.2131462097},