{"J511":{"pressure_scaling":129.2234649658},"J411":{"pressure_scaling":67.2932739258},"J414":{"pressure_scaling":40.7910118103},"J415":{"pressure_scaling":172.0289764404},"J416":{"pressure_scaling":184.140411377},"J417":{"pressure_scaling":37.6189918518},"J418":{"pressure_scaling":35.2532501221},"J419":{"pressure_scaling":32.5711326599},"J310":{"pressure_scaling":113.7595977783},"J311":{"pressure_scaling":109.7992324829},"J312":{"pressure_scaling":97.6919250488},"J313":{"pressure_scaling":98.4122848511},"J314":{"pressure_scaling":59.7816505432},"J315":{"pressure_scaling":58.612247467},"J316":{"pressure_scaling":61.3770027161},"J318":{"pressure_scaling":111.4122390747},"J319":{"pressure_scaling":125.4400177002},"J210":{"pressure_scaling":67.6352920532},"J211":{"pressure_scaling":63.4034919739},"J212":{"pressure_scaling":66.7985992432},"J214":{"pressure_scaling":66.3519897461},"J217":{"pressure_scaling":63.3606681824},"J218":{"pressure_scaling":66.9795913696},"J219":{"pressure_scaling":96.8831481934},"J110":{"pressure_scaling":65.8681716919},"J420":{"pressure_scaling":32.9914093018},"J421":{"pressure_scaling":37.7794647217},"J422":{"pressure_scaling":34.0797271729},"J1153":{"pressure_scaling":52.2934494019},"J1154":{"pressure_scaling":59.9227905273},"J1155":{"pressure_scaling":58.9442672729},"J425":{"pressure_scaling":166.3307189941},"J426":{"pressure_scaling":159.5760192871},"J1157":{"pressure_scaling":52.222366333},"J427":{"pressure_scaling":164.0584411621},"J1158":{"pressure_scaling":46.7078971863},"J428":{"pressure_scaling":52.130695343},"J429":{"pressure_scaling":55.7513999939},"J320":{"pressure_scaling":119.1986465454},"J321":{"pressure_scaling":121.2176818848},"J322":{"pressure_scaling":117.8681945801},"J324":{"pressure_scaling":123.3715515137},"J1056":{"pressure_scaling":67.8775634766},"J327":{"pressure_scaling":116.5811080933},"J1058":{"pressure_scaling":58.7440681458},"J328":{"pressure_scaling":120.6824645996},"J329":{"pressure_scaling":127.8161773682},"J220":{"pressure_scaling":73.9580154419},"J221":{"pressure_scaling":72.9887619019},"J225":{"pressure_scaling":60.886341095},"J226":{"pressure_scaling":62.8041725159},"J50":{"pressure_scaling":94.3409729004},"J51":{"pressure_scaling":89.3821029663},"J53":{"pressure_scaling":68.656539917},"J54":{"pressure_scaling":72.1622619629},"J128":{"pressure_scaling":144.0479736328},"J55":{"pressure_scaling":78.9347000122},"J129":{"pressure_scaling":161.2162017822},"J56":{"pressure_scaling":78.2973022461},"J57":{"pressure_scaling":89.3972625732},"J58":{"pressure_scaling":75.1988601685},"J59":{"pressure_scaling":91.3329544067},"J1160":{"pressure_scaling":48.5213088989},"J1161":{"pressure_scaling":48.1656646729},"J431":{"pressure_scaling":56.7717094421},"J432":{"pressure_scaling":53.6945075989},"J433":{"pressure_scaling":48.318901062},"J434":{"pressure_scaling":59.5714569092},"J435":{"pressure_scaling":62.534778595},"J436":{"pressure_scaling":51.0409011841},"J438":{"pressure_scaling":65.7264175415},"J1169":{"pressure_scaling":134.4185791016},"J439":{"pressure_scaling":50.4388999939},"J330":{"pressure_scaling":107.4733123779},"J331":{"pressure_scaling":106.4986038208},"J332":{"pressure_scaling":28.5272884369},"J333":{"pressure_scaling":46.4671058655},"J334":{"pressure_scaling":43.0436935425},"J335":{"pressure_scaling":47.2041053772},"J336":{"pressure_scaling":48.7370758057},"J337":{"pressure_scaling":52.7054634094},"J231":{"pressure_scaling":98.1184158325},"J232":{"pressure_scaling":100.0227279663},"J233":{"pressure_scaling":156.2217102051},"J234":{"pressure_scaling":163.4906616211},"J236":{"pressure_scaling":90.9169158936},"J237":{"pressure_scaling":78.5090179443},"J130":{"pressure_scaling":123.0812454224},"J131":{"pressure_scaling":141.9540405273},"J132":{"pressure_scaling":153.9300537109},"J133":{"pressure_scaling":157.8078613281},"J60":{"pressure_scaling":93.7937316895},"J134":{"pressure_scaling":150.0444030762},"J135":{"pressure_scaling":158.6149597168},"J62":{"pressure_scaling":88.7265014648},"J64":{"pressure_scaling":70.7210617065},"J65":{"pressure_scaling":70.7210235596},"J66":{"pressure_scaling":79.1063079834},"J67":{"pressure_scaling":71.6029052734},"J68":{"pressure_scaling":77.0556640625},"J69":{"pressure_scaling":78.5495529175},"J1170":{"pressure_scaling":135.2976837158},"J441":{"pressure_scaling":163.0469970703},"J444":{"pressure_scaling":45.7235069275},"J341":{"pressure_scaling":58.8839225769},"J344":{"pressure_scaling":135.1373443604},"J345":{"pressure_scaling":139.8616333008},"J347":{"pressure_scaling":135.4375915527},"J348":{"pressure_scaling":107.3014373779},"J349":{"pressure_scaling":133.3922576904},"J241":{"pressure_scaling":81.4966659546},"J242":{"pressure_scaling":85.5698242188},"J243":{"pressure_scaling":89.8169021606},"J244":{"pressure_scaling":81.1885757446},"J245":{"pressure_scaling":80.6948242188},"J246":{"pressure_scaling":93.6175765991},"J247":{"pressure_scaling":92.0368652344},"J248":{"pressure_scaling":94.7392501831},"J249":{"pressure_scaling":99.2002029419},"J142":{"pressure_scaling":71.3144607544},"J143":{"pressure_scaling":70.5412368774},"J70":{"pressure_scaling":79.3158721924},"J144":{"pressure_scaling":72.6211624146},"J71":{"pressure_scaling":74.2858810425},"J72":{"pressure_scaling":75.6912765503},"J73":{"pressure_scaling":72.1422729492},"J74":{"pressure_scaling":75.6891403198},"J76":{"pressure_scaling":79.2791213989},"J77":{"pressure_scaling":74.9589080811},"J78":{"pressure_scaling":104.3058700562},"J350":{"pressure_scaling":156.1750030518},"J351":{"pressure_scaling":144.1593933105},"J352":{"pressure_scaling":123.3292617798},"J353":{"pressure_scaling":147.5631561279},"J354":{"pressure_scaling":151.5158843994},"J355":{"pressure_scaling":139.3161621094},"J358":{"pressure_scaling":143.5979614258},"J359":{"pressure_scaling":147.9737548828},"J250":{"pressure_scaling":83.9646377563},"J251":{"pressure_scaling":155.7905426025},"J252":{"pressure_scaling":149.0058135986},"J253":{"pressure_scaling":152.3010253906},"J254":{"pressure_scaling":152.3794403076},"J257":{"pressure_scaling":132.0642700195},"J154":{"pressure_scaling":50.1558799744},"J155":{"pressure_scaling":49.4153900146},"J82":{"pressure_scaling":95.1753921509},"J156":{"pressure_scaling":39.2764625549},"J83":{"pressure_scaling":104.6059188843},"J84":{"pressure_scaling":110.8969955444},"J85":{"pressure_scaling":106.2379608154},"J159":{"pressure_scaling":54.748664856},"J86":{"pressure_scaling":98.8089675903},"J87":{"pressure_scaling":112.3278961182},"J89":{"pressure_scaling":157.3259429932},"J360":{"pressure_scaling":144.5956573486},"J361":{"pressure_scaling":142.1509399414},"J362":{"pressure_scaling":128.3259887695},"J363":{"pressure_scaling":159.1392822266},"J364":{"pressure_scaling":164.4520263672},"J365":{"pressure_scaling":45.3020629883},"J366":{"pressure_scaling":60.2647666931},"J1208":{"pressure_scaling":129.4574584961},"J367":{"pressure_scaling":60.9743118286},"J369":{"pressure_scaling":54.4573173523},"J160":{"pressure_scaling":50.0908241272},"J161":{"pressure_scaling":60.6471710205},"J162":{"pressure_scaling":46.9486312866},"J163":{"pressure_scaling":67.2229537964},"J164":{"pressure_scaling":66.0824203491},"J91":{"pressure_scaling":160.6217498779},"J165":{"pressure_scaling":66.7348480225},"J166":{"pressure_scaling":59.513168335},"J167":{"pressure_scaling":59.5528755188},"J94":{"pressure_scaling":156.3222961426},"J95":{"pressure_scaling":59.2590179443},"J96":{"pressure_scaling":51.9379768372},"J97":{"pressure_scaling":47.9329681396},"J976":{"pressure_scaling":70.5440216064},"J571":{"pressure_scaling":152.7471923828},"J572":{"pressure_scaling":153.3046417236},"J573":{"pressure_scaling":146.8727264404},"J574":{"pressure_scaling":158.0398712158},"J575":{"pressure_scaling":153.8456115723},"J576":{"pressure_scaling":149.9238433838},"J370":{"pressure_scaling":54.203918457},"J371":{"pressure_scaling":161.337020874},"J372":{"pressure_scaling":51.4056625366},"J373":{"pressure_scaling":47.586227417},