{"J511":{"pressure_scaling":48.8081855774},"J411":{"pressure_scaling":69.5703277588},"J414":{"pressure_scaling":42.0908432007},"J415":{"pressure_scaling":100.5306015015},"J416":{"pressure_scaling":116.3751754761},"J417":{"pressure_scaling":38.4103355408},"J418":{"pressure_scaling":37.359500885},"J419":{"pressure_scaling":34.0941390991},"J310":{"pressure_scaling":74.2254638672},"J311":{"pressure_scaling":70.1410369873},"J312":{"pressure_scaling":57.1648864746},"J313":{"pressure_scaling":57.9769554138},"J314":{"pressure_scaling":62.6069793701},"J315":{"pressure_scaling":61.4228744507},"J316":{"pressure_scaling":64.4257965088},"J318":{"pressure_scaling":71.9293899536},"J319":{"pressure_scaling":86.3068237305},"J210":{"pressure_scaling":70.7250289917},"J211":{"pressure_scaling":66.4773483276},"J212":{"pressure_scaling":69.8759460449},"J214":{"pressure_scaling":69.2186355591},"J217":{"pressure_scaling":66.4465637207},"J218":{"pressure_scaling":70.0712051392},"J219":{"pressure_scaling":80.546005249},"J110":{"pressure_scaling":66.4237518311},"J420":{"pressure_scaling":34.60679245},"J421":{"pressure_scaling":38.6015586853},"J422":{"pressure_scaling":35.9393882751},"J1153":{"pressure_scaling":54.9477577209},"J1154":{"pressure_scaling":62.7474594116},"J1155":{"pressure_scaling":61.7598838806},"J425":{"pressure_scaling":94.2082214355},"J426":{"pressure_scaling":85.6647109985},"J1157":{"pressure_scaling":54.8754844666},"J427":{"pressure_scaling":91.2936019897},"J1158":{"pressure_scaling":49.0280342102},"J428":{"pressure_scaling":53.780872345},"J429":{"pressure_scaling":57.5676841736},"J320":{"pressure_scaling":79.7140197754},"J321":{"pressure_scaling":81.7847595215},"J322":{"pressure_scaling":78.3532485962},"J324":{"pressure_scaling":83.9876480103},"J1056":{"pressure_scaling":70.4959259033},"J327":{"pressure_scaling":77.0017089844},"J1058":{"pressure_scaling":60.8466949463},"J328":{"pressure_scaling":81.1469421387},"J329":{"pressure_scaling":87.340171814},"J220":{"pressure_scaling":52.4888839722},"J221":{"pressure_scaling":28.5044822693},"J225":{"pressure_scaling":63.9255828857},"J226":{"pressure_scaling":65.8505325317},"J50":{"pressure_scaling":53.5463104248},"J51":{"pressure_scaling":47.9270515442},"J53":{"pressure_scaling":45.90782547},"J54":{"pressure_scaling":50.7117843628},"J128":{"pressure_scaling":66.4254608154},"J55":{"pressure_scaling":59.9096488953},"J129":{"pressure_scaling":88.2120132446},"J56":{"pressure_scaling":58.9925041199},"J57":{"pressure_scaling":72.3085174561},"J58":{"pressure_scaling":54.9046173096},"J59":{"pressure_scaling":74.506401062},"J1160":{"pressure_scaling":50.2191581726},"J1161":{"pressure_scaling":49.8419914246},"J431":{"pressure_scaling":58.8233375549},"J432":{"pressure_scaling":55.6740112305},"J433":{"pressure_scaling":50.1559143066},"J434":{"pressure_scaling":61.8207740784},"J435":{"pressure_scaling":64.5922241211},"J436":{"pressure_scaling":52.64087677},"J438":{"pressure_scaling":68.008102417},"J1169":{"pressure_scaling":82.4498214722},"J439":{"pressure_scaling":51.9950027466},"J330":{"pressure_scaling":67.7802047729},"J331":{"pressure_scaling":66.7444152832},"J332":{"pressure_scaling":28.4124069214},"J333":{"pressure_scaling":49.2007026672},"J334":{"pressure_scaling":45.5708656311},"J335":{"pressure_scaling":49.9802093506},"J336":{"pressure_scaling":51.6026191711},"J337":{"pressure_scaling":55.6392593384},"J231":{"pressure_scaling":57.7474441528},"J232":{"pressure_scaling":59.8355674744},"J233":{"pressure_scaling":81.7681808472},"J234":{"pressure_scaling":91.2025527954},"J236":{"pressure_scaling":73.8710021973},"J237":{"pressure_scaling":58.7300338745},"J130":{"pressure_scaling":60.5367240906},"J131":{"pressure_scaling":63.7741851807},"J132":{"pressure_scaling":79.0828094482},"J133":{"pressure_scaling":84.0135574341},"J60":{"pressure_scaling":77.1850128174},"J134":{"pressure_scaling":74.2026367188},"J135":{"pressure_scaling":85.0620956421},"J62":{"pressure_scaling":71.4915847778},"J64":{"pressure_scaling":48.9198150635},"J65":{"pressure_scaling":48.9197845459},"J66":{"pressure_scaling":59.7911987305},"J67":{"pressure_scaling":49.9043998718},"J68":{"pressure_scaling":57.4362220764},"J69":{"pressure_scaling":59.4188041687},"J1170":{"pressure_scaling":83.3299102783},"J441":{"pressure_scaling":89.9993362427},"J444":{"pressure_scaling":47.9514312744},"J341":{"pressure_scaling":61.9732208252},"J344":{"pressure_scaling":83.1691513062},"J345":{"pressure_scaling":87.8947601318},"J347":{"pressure_scaling":83.4679718018},"J348":{"pressure_scaling":67.4488143921},"J349":{"pressure_scaling":93.4213867188},"J241":{"pressure_scaling":62.611831665},"J242":{"pressure_scaling":67.612991333},"J243":{"pressure_scaling":72.6062393188},"J244":{"pressure_scaling":62.2356834412},"J245":{"pressure_scaling":61.6044845581},"J246":{"pressure_scaling":76.9386749268},"J247":{"pressure_scaling":75.1681060791},"J248":{"pressure_scaling":78.1851272583},"J249":{"pressure_scaling":83.0029754639},"J142":{"pressure_scaling":73.4085617065},"J143":{"pressure_scaling":72.6275482178},"J70":{"pressure_scaling":60.4183769226},"J144":{"pressure_scaling":74.7177734375},"J71":{"pressure_scaling":53.6657829285},"J72":{"pressure_scaling":55.5818595886},"J73":{"pressure_scaling":50.685092926},"J74":{"pressure_scaling":55.579082489},"J76":{"pressure_scaling":60.3725624084},"J77":{"pressure_scaling":54.5861358643},"J78":{"pressure_scaling":64.705368042},"J350":{"pressure_scaling":104.2040481567},"J351":{"pressure_scaling":104.3141098022},"J352":{"pressure_scaling":83.1315841675},"J353":{"pressure_scaling":107.5846252441},"J354":{"pressure_scaling":111.5368652344},"J355":{"pressure_scaling":99.4857940674},"J358":{"pressure_scaling":103.9162368774},"J359":{"pressure_scaling":108.3345336914},"J250":{"pressure_scaling":65.6493759155},"J251":{"pressure_scaling":81.0826950073},"J252":{"pressure_scaling":72.450340271},"J253":{"pressure_scaling":76.9189529419},"J254":{"pressure_scaling":77.0190200806},"J257":{"pressure_scaling":50.5805892944},"J154":{"pressure_scaling":47.4358711243},"J155":{"pressure_scaling":46.6882324219},"J82":{"pressure_scaling":54.4800300598},"J156":{"pressure_scaling":35.2528381348},"J83":{"pressure_scaling":64.6874542236},"J84":{"pressure_scaling":95.0727767944},"J85":{"pressure_scaling":90.3111038208},"J159":{"pressure_scaling":52.5313987732},"J86":{"pressure_scaling":82.5999069214},"J87":{"pressure_scaling":96.5469436646},"J89":{"pressure_scaling":83.3115844727},"J360":{"pressure_scaling":104.9511260986},"J361":{"pressure_scaling":102.3253631592},"J362":{"pressure_scaling":87.8336029053},"J363":{"pressure_scaling":85.2282028198},"J364":{"pressure_scaling":92.0370559692},"J365":{"pressure_scaling":47.5208892822},"J366":{"pressure_scaling":63.0198059082},"J1208":{"pressure_scaling":88.9379272461},"J367":{"pressure_scaling":63.7737579346},"J369":{"pressure_scaling":57.1145706177},"J160":{"pressure_scaling":47.3861160278},"J161":{"pressure_scaling":60.6977157593},"J162":{"pressure_scaling":46.6268119812},"J163":{"pressure_scaling":67.3116531372},"J164":{"pressure_scaling":66.1658096313},"J91":{"pressure_scaling":87.5045318604},"J165":{"pressure_scaling":66.8208312988},"J166":{"pressure_scaling":59.5572052002},"J167":{"pressure_scaling":59.5976524353},"J94":{"pressure_scaling":105.0944595337},"J95":{"pressure_scaling":59.7739677429},"J96":{"pressure_scaling":52.32264328},"J97":{"pressure_scaling":48.1120681763},"J976":{"pressure_scaling":72.6303405762},"J571":{"pressure_scaling":77.6373825073},"J572":{"pressure_scaling":78.3465881348},"J573":{"pressure_scaling":70.0160675049},"J574":{"pressure_scaling":84.2183532715},"J575":{"pressure_scaling":79.0099487305},"J576":{"pressure_scaling":74.0515975952},"J370":{"pressure_scaling":56.874256134},"J371":{"pressure_scaling":88.094543457},"J372":{"pressure_scaling":54.217590332},"J373":{"pressure_scaling":50.1977539062},"J374":{"pressure_scaling":63.7381782532},"J375":{"pressure_scaling":54.7211761475},