{"J511":{"pressure_scaling":133.2695159912},"J411":{"pressure_scaling":73.7370300293},"J414":{"pressure_scaling":47.668006897},"J415":{"pressure_scaling":169.1022796631},"J416":{"pressure_scaling":180.4131469727},"J417":{"pressure_scaling":44.4497108459},"J418":{"pressure_scaling":42.0004234314},"J419":{"pressure_scaling":39.29164505},"J310":{"pressure_scaling":106.5317077637},"J311":{"pressure_scaling":103.6465530396},"J312":{"pressure_scaling":95.1121902466},"J313":{"pressure_scaling":95.6008071899},"J314":{"pressure_scaling":66.5561676025},"J315":{"pressure_scaling":65.4062805176},"J316":{"pressure_scaling":68.2017211914},"J318":{"pressure_scaling":104.8649673462},"J319":{"pressure_scaling":115.5031204224},"J210":{"pressure_scaling":74.3906936646},"J211":{"pressure_scaling":70.2014007568},"J212":{"pressure_scaling":73.5556716919},"J214":{"pressure_scaling":73.0294342041},"J217":{"pressure_scaling":70.167755127},"J218":{"pressure_scaling":73.7389984131},"J219":{"pressure_scaling":121.7091674805},"J110":{"pressure_scaling":71.6471099854},"J420":{"pressure_scaling":39.6863327026},"J421":{"pressure_scaling":44.6145858765},"J422":{"pressure_scaling":40.8018836975},"J1153":{"pressure_scaling":59.1891212463},"J1154":{"pressure_scaling":66.7001647949},"J1155":{"pressure_scaling":65.739944458},"J425":{"pressure_scaling":164.0989837646},"J426":{"pressure_scaling":158.1840209961},"J1157":{"pressure_scaling":59.1193733215},"J427":{"pressure_scaling":162.0935974121},"J1158":{"pressure_scaling":53.6745872498},"J428":{"pressure_scaling":58.9824714661},"J429":{"pressure_scaling":62.5226173401},"J320":{"pressure_scaling":110.5672454834},"J321":{"pressure_scaling":112.1181030273},"J322":{"pressure_scaling":109.5690917969},"J324":{"pressure_scaling":113.7907791138},"J1056":{"pressure_scaling":74.4470596313},"J327":{"pressure_scaling":108.5801849365},"J1058":{"pressure_scaling":65.3596878052},"J328":{"pressure_scaling":111.659576416},"J329":{"pressure_scaling":116.6939163208},"J220":{"pressure_scaling":97.4345245361},"J221":{"pressure_scaling":80.2815933228},"J225":{"pressure_scaling":67.7201385498},"J226":{"pressure_scaling":69.6074371338},"J50":{"pressure_scaling":92.9306030273},"J51":{"pressure_scaling":89.793182373},"J53":{"pressure_scaling":91.530090332},"J54":{"pressure_scaling":95.5507965088},"J128":{"pressure_scaling":145.2662200928},"J55":{"pressure_scaling":103.1556243896},"J129":{"pressure_scaling":159.7097015381},"J56":{"pressure_scaling":102.4428024292},"J57":{"pressure_scaling":114.1218032837},"J58":{"pressure_scaling":98.9695663452},"J59":{"pressure_scaling":116.1193847656},"J1160":{"pressure_scaling":55.2705917358},"J1161":{"pressure_scaling":54.9258346558},"J431":{"pressure_scaling":63.3756866455},"J432":{"pressure_scaling":60.3540611267},"J433":{"pressure_scaling":54.9910888672},"J434":{"pressure_scaling":66.1256332397},"J435":{"pressure_scaling":68.9889068604},"J436":{"pressure_scaling":57.9008255005},"J438":{"pressure_scaling":72.1902923584},"J1169":{"pressure_scaling":147.2645263672},"J439":{"pressure_scaling":57.34582901},"J330":{"pressure_scaling":101.986869812},"J331":{"pressure_scaling":101.2812423706},"J332":{"pressure_scaling":35.8314666748},"J333":{"pressure_scaling":53.7112770081},"J334":{"pressure_scaling":50.4100151062},"J335":{"pressure_scaling":54.4209289551},"J336":{"pressure_scaling":55.9070968628},"J337":{"pressure_scaling":59.6822662354},"J231":{"pressure_scaling":94.7089309692},"J232":{"pressure_scaling":96.0302658081},"J233":{"pressure_scaling":155.3246459961},"J234":{"pressure_scaling":161.6349334717},"J236":{"pressure_scaling":115.6875152588},"J237":{"pressure_scaling":102.5964126587},"J130":{"pressure_scaling":132.2610626221},"J131":{"pressure_scaling":143.575958252},"J132":{"pressure_scaling":153.3995819092},"J133":{"pressure_scaling":156.7054443359},"J60":{"pressure_scaling":118.6147003174},"J134":{"pressure_scaling":150.135055542},"J135":{"pressure_scaling":157.3793029785},"J62":{"pressure_scaling":113.4319152832},"J64":{"pressure_scaling":93.8952331543},"J65":{"pressure_scaling":93.8951873779},"J66":{"pressure_scaling":103.2885665894},"J67":{"pressure_scaling":94.8927001953},"J68":{"pressure_scaling":101.0837478638},"J69":{"pressure_scaling":102.7492904663},"J1170":{"pressure_scaling":148.1339111328},"J441":{"pressure_scaling":161.2027740479},"J444":{"pressure_scaling":52.7022972107},"J341":{"pressure_scaling":65.7949371338},"J344":{"pressure_scaling":147.9763336182},"J345":{"pressure_scaling":152.6543579102},"J347":{"pressure_scaling":148.2727203369},"J348":{"pressure_scaling":101.2698287964},"J349":{"pressure_scaling":121.1865234375},"J241":{"pressure_scaling":105.8505783081},"J242":{"pressure_scaling":110.1534881592},"J243":{"pressure_scaling":114.5393218994},"J244":{"pressure_scaling":105.534324646},"J245":{"pressure_scaling":104.989692688},"J246":{"pressure_scaling":118.446937561},"J247":{"pressure_scaling":116.8366165161},"J248":{"pressure_scaling":119.574546814},"J249":{"pressure_scaling":123.9848937988},"J142":{"pressure_scaling":77.6514129639},"J143":{"pressure_scaling":76.8815155029},"J70":{"pressure_scaling":103.5932922363},"J144":{"pressure_scaling":78.9524307251},"J71":{"pressure_scaling":97.958694458},"J72":{"pressure_scaling":99.5368118286},"J73":{"pressure_scaling":95.5298233032},"J74":{"pressure_scaling":99.5345306396},"J76":{"pressure_scaling":103.5558319092},"J77":{"pressure_scaling":98.7157897949},"J78":{"pressure_scaling":99.8087081909},"J350":{"pressure_scaling":168.864944458},"J351":{"pressure_scaling":130.0200805664},"J352":{"pressure_scaling":113.2226791382},"J353":{"pressure_scaling":132.8476715088},"J354":{"pressure_scaling":136.1775054932},"J355":{"pressure_scaling":126.1409759521},"J358":{"pressure_scaling":129.8906097412},"J359":{"pressure_scaling":133.5835113525},"J250":{"pressure_scaling":108.4529037476},"J251":{"pressure_scaling":154.9620056152},"J252":{"pressure_scaling":149.3064575195},"J253":{"pressure_scaling":152.0582885742},"J254":{"pressure_scaling":152.1245727539},"J257":{"pressure_scaling":135.6406402588},"J154":{"pressure_scaling":55.0014801025},"J155":{"pressure_scaling":54.3016433716},"J82":{"pressure_scaling":93.4716873169},"J156":{"pressure_scaling":44.3808517456},"J83":{"pressure_scaling":99.9152832031},"J84":{"pressure_scaling":135.5228424072},"J85":{"pressure_scaling":130.883026123},"J159":{"pressure_scaling":59.6166229248},"J86":{"pressure_scaling":123.5995254517},"J87":{"pressure_scaling":136.9468536377},"J89":{"pressure_scaling":156.3259277344},"J360":{"pressure_scaling":130.7779541016},"J361":{"pressure_scaling":128.4237670898},"J362":{"pressure_scaling":117.0827484131},"J363":{"pressure_scaling":157.8161468506},"J364":{"pressure_scaling":162.4646911621},"J365":{"pressure_scaling":52.3053855896},"J366":{"pressure_scaling":67.0052032471},"J1208":{"pressure_scaling":117.9520263672},"J367":{"pressure_scaling":67.7192993164},"J369":{"pressure_scaling":61.2836952209},"J160":{"pressure_scaling":54.946598053},"J161":{"pressure_scaling":66.2940673828},"J162":{"pressure_scaling":52.8928413391},"J163":{"pressure_scaling":72.8072814941},"J164":{"pressure_scaling":71.6739654541},"J91":{"pressure_scaling":159.1842193604},"J165":{"pressure_scaling":72.3220672607},"J166":{"pressure_scaling":65.1786270142},"J167":{"pressure_scaling":65.2177581787},"J94":{"pressure_scaling":169.634765625},"J95":{"pressure_scaling":65.1204528809},"J96":{"pressure_scaling":57.9500732422},"J97":{"pressure_scaling":54.0104141235},"J976":{"pressure_scaling":76.8843383789},"J571":{"pressure_scaling":152.3874664307},"J572":{"pressure_scaling":152.8566131592},"J573":{"pressure_scaling":147.5646820068},"J574":{"pressure_scaling":156.9407501221},"J575":{"pressure_scaling":153.3196716309},"J576":{"pressure_scaling":150.0352325439},"J370":{"pressure_scaling":61.0431098938},"J371":{"pressure_scaling":159.733215332},"J372":{"pressure_scaling":58.3684425354},"J373":{"pressure_scaling":54.6017684937},